pubchem_cid,gene_id,label
447961,1019,1
447961,902,1
447961,904,1
447961,2932,1
447961,1022,1
447961,1025,1
447961,9212,1
447961,6790,1
447962,1019,1
447962,9212,1
447962,6790,1
6918852,816,1
6918852,1760,1
6918852,9475,1
6918852,6196,1
6918852,1022,1
6918852,225689,1
6918852,1025,1
6918852,1020,1
6918852,9748,1
448042,6093,1
448042,9475,1
448042,5581,1
448042,5586,1
448042,5566,1
448042,5569,1
3547,5566,1
3547,9475,1
3547,5567,1
3547,29941,1
3547,5585,1
3547,1195,1
3547,5569,1
3064778,5566,1
3064778,5569,1
448043,10733,1
448043,9475,1
448043,5567,1
448043,120892,1
448043,5566,1
448043,5569,1
10172943,207,1
10172943,208,1
10172943,5566,1
10172943,5569,1
11314340,816,1
11314340,10645,1
11314340,5583,1
11314340,55561,1
11314340,5592,1
11314340,22848,1
11314340,50488,1
11314340,4638,1
11314340,1760,1
11314340,815,1
11314340,6197,1
11314340,5594,1
11314340,8780,1
11314340,1859,1
11314340,5580,1
11314340,5567,1
11314340,2322,1
11314340,1198,1
11314340,1196,1
11314340,5566,1
11314340,5569,1
72271,5170,1
44259,5347,1
44259,10769,1
44259,10733,1
44259,3702,1
44259,10000,1
44259,5582,1
44259,5590,1
44259,1436,1
44259,11200,1
44259,3791,1
44259,5159,1
44259,1445,1
44259,695,1
44259,3716,1
44259,238,1
44259,4233,1
44259,1956,1
44259,4638,1
44259,5578,1
44259,5581,1
44259,5579,1
44259,5580,1
44259,5583,1
44259,3480,1
44259,6790,1
44259,7535,1
44259,5747,1
44259,3551,1
44259,5894,1
44259,5566,1
44259,1020,1
44259,1021,1
44259,1025,1
44259,1147,1
44259,4067,1
44259,25,1
44259,5604,1
44259,2263,1
44259,2261,1
44259,50488,1
44259,6788,1
44259,2050,1
44259,2321,1
44259,2042,1
44259,2260,1
44259,1612,1
44259,3718,1
44259,51135,1
44259,3717,1
44259,2324,1
44259,3643,1
44259,7010,1
44259,6885,1
44259,2066,1
44259,5979,1
44259,5567,1
44259,2931,1
44259,9212,1
44259,673,1
44259,10298,1
44259,6195,1
44259,6198,1
44259,5170,1
44259,6446,1
44259,9252,1
44259,5592,1
44259,10461,1
44259,27,1
44259,5753,1
44259,5586,1
44259,6850,1
44259,5585,1
44259,2048,1
44259,1969,1
44259,2047,1
44259,7297,1
44259,7525,1
44259,5156,1
44259,4058,1
44259,4593,1
44259,1432,1
44259,5594,1
44259,11183,1
44259,5260,1
44259,8536,1
44259,5602,1
44259,285220,1
44259,57118,1
44259,22848,1
44259,10645,1
44259,2044,1
44259,6197,1
44259,6196,1
44259,9748,1
44259,57172,1
44259,84254,1
44259,11040,1
44259,816,1
44259,2011,1
44259,5599,1
44259,2046,1
44259,1195,1
44259,2043,1
44259,660,1
44259,3984,1
44259,7272,1
44259,1196,1
44259,2444,1
44259,57144,1
44259,1613,1
44259,57396,1
44259,56924,1
44259,23012,1
44259,23604,1
44259,815,1
44259,85366,1
44259,2580,1
44259,5261,1
44259,6795,1
44259,2872,1
44259,10188,1
44259,55589,1
44259,3055,1
44259,6300,1
44259,9263,1
44259,6793,1
44259,5613,1
44259,6416,1
44259,90,1
44259,65061,1
44259,53904,1
44259,389840,1
44259,1459,1
44259,6732,1
44259,6794,1
44259,100130827,1
44259,9943,1
44259,51765,1
44259,1263,1
44259,27330,1
44259,5610,1
44259,4214,1
44259,25865,1
44259,51086,1
44259,5593,1
44259,140469,1
44259,5128,1
44259,7016,1
44259,8711,1
44259,9475,1
44259,54861,1
44259,28996,1
44259,8428,1
44259,9261,1
44259,9641,1
44259,6733,1
44259,131890,1
44259,57551,1
44259,1457,1
44259,83732,1
44259,780,1
44259,225689,1
44259,10746,1
44259,440275,1
44259,80122,1
44259,6792,1
44259,2051,1
44259,30811,1
44259,282974,1
44259,57787,1
44259,1452,1
44259,9706,1
44259,255239,1
44259,55561,1
44259,11184,1
44259,8396,1
44259,5605,1
44259,8445,1
44259,22983,1
44259,3645,1
44259,167359,1
44259,26576,1
44259,1455,1
44259,8814,1
44259,84446,1
44259,1024,1
44259,5603,1
44259,51347,1
44259,11113,1
44259,23387,1
44259,11011,1
44259,5608,1
44259,8569,1
44259,8621,1
44259,4921,1
44259,55781,1
44259,6011,1
44259,1859,1
44259,9175,1
44259,91,1
44259,8491,1
44259,341676,1
44259,5218,1
44259,85443,1
44259,4145,1
44259,147746,1
44259,388228,1
44259,202374,1
44259,8476,1
44259,120892,1
44259,54101,1
44259,91807,1
44259,140901,1
44259,11213,1
44259,9891,1
44259,814,1
44259,23097,1
44259,4296,1
44259,4140,1
44259,5607,1
44259,166614,1
44259,6725,1
44259,8986,1
44259,25778,1
44259,10494,1
44259,11329,1
44259,10114,1
44259,9113,1
44259,1760,1
44259,27347,1
44259,340156,1
44259,81788,1
44259,1022,1
44259,9201,1
44259,2081,1
44259,7075,1
44259,9064,1
44259,9874,1
44259,5588,1
44259,8408,1
44259,5606,1
44259,23678,1
44259,9448,1
44259,122011,1
44259,5288,1
44259,55351,1
44259,22858,1
44259,7301,1
44259,8394,1
44259,5587,1
44259,8550,1
44259,51701,1
44259,26524,1
44259,65975,1
44259,5601,1
44259,5129,1
44259,640,1
44259,9578,1
44259,2868,1
44259,8780,1
44259,83942,1
44259,9024,1
44259,150094,1
44259,23683,1
44259,8573,1
44259,4294,1
44259,415116,1
44259,25989,1
44259,140609,1
44259,5595,1
44259,93,1
44259,27148,1
44259,7006,1
44259,91754,1
44259,3985,1
44259,4216,1
44259,2322,1
44259,94,1
44259,5127,1
44259,9833,1
44259,2041,1
44259,5292,1
44259,4914,1
44259,3932,1
44259,817,1
44259,4486,1
44259,2241,1
44259,23235,1
44259,2264,1
44259,6789,1
44259,6714,1
44259,2242,1
44259,83903,1
44259,2064,1
44259,50507,1
44259,23617,1
44259,284086,1
44259,4117,1
44259,4293,1
44259,157,1
44259,9149,1
44259,1198,1
44259,4217,1
44259,7786,1
44259,2268,1
44259,10110,1
44259,8767,1
44259,2045,1
44259,3815,1
44259,84451,1
44259,4215,1
44259,5058,1
44259,2049,1
44259,4915,1
44259,23043,1
44259,2185,1
44259,2534,1
44259,79834,1
44259,7296,1
44259,4750,1
44259,2869,1
44259,5062,1
44259,558,1
44259,29941,1
44259,2870,1
44259,3735,1
44259,8444,1
44259,208,1
44259,9262,1
44259,139728,1
44259,8576,1
44259,29110,1
44259,1585,1
44259,818,1
44259,1454,1
44259,6098,1
44259,4751,1
44259,4916,1
44259,1018,1
44259,4139,1
44259,5562,1
44259,5598,1
44259,5063,1
44259,5584,1
44259,5563,1
44259,5925,1
44259,7294,1
44259,83983,1
44259,79858,1
44259,55872,1
44259,5568,1
44259,114783,1
44259,6199,1
44259,5609,1
44259,81629,1
44259,10595,1
44259,3654,1
44259,6787,1
44259,130497,1
44259,23178,1
44259,156,1
44259,9344,1
44259,1128,1
11167118,3791,1
11167118,5894,1
11167118,673,1
216239,10733,1
216239,673,1
216239,5894,1
216239,1588,1
216239,2260,1
216239,5159,1
216239,5979,1
216239,1956,1
216239,1432,1
216239,4921,1
216239,5595,1
216239,5594,1
216239,9212,1
216239,6795,1
216239,23097,1
216239,1022,1
216239,1024,1
216239,780,1
216239,225689,1
216239,2321,1
216239,2322,1
216239,2324,1
216239,2444,1
216239,8569,1
216239,2872,1
216239,4593,1
216239,5156,1
216239,9748,1
216239,7075,1
216239,25,1
216239,51086,1
216239,51776,1
216239,51701,1
216239,5600,1
216239,285220,1
216239,2261,1
216239,2046,1
216239,2044,1
216239,6793,1
216239,3815,1
216239,1436,1
216239,147746,1
216239,28996,1
216239,4916,1
216239,2050,1
216239,6885,1
216239,7010,1
216239,369,1
216239,2045,1
216239,10114,1
216239,1021,1
216239,204851,1
1400,5156,1
1400,25,1
1400,5979,1
1400,7525,1
1400,1432,1
1400,6714,1
1400,3932,1
1400,1445,1
1400,8767,1
1400,1956,1
1400,2534,1
1400,1453,1
1400,3055,1
6450551,25,1
6450551,2261,1
6450551,120892,1
6450551,50488,1
6450551,5979,1
6450551,4233,1
6450551,9212,1
6450551,2324,1
6450551,8780,1
6450551,2260,1
6450551,3815,1
6450551,2321,1
6450551,2268,1
6450551,6790,1
6450551,613,1
6450551,5159,1
5329102,2321,1
5329102,5159,1
5329102,2324,1
5329102,3757,1
5329102,1956,1
5329102,5979,1
5329102,25,1
5329102,3815,1
5329102,238,1
5329102,9212,1
5329102,6795,1
5329102,659,1
5329102,1022,1
5329102,1195,1
5329102,57396,1
5329102,2322,1
5329102,2444,1
5329102,9934,1
5329102,11184,1
5329102,8491,1
5329102,11183,1
5329102,10461,1
5329102,6788,1
5329102,4593,1
5329102,5156,1
5329102,8986,1
5329102,9252,1
5329102,9748,1
5329102,65975,1
5329102,640,1
5329102,2260,1
5329102,4067,1
5329102,27,1
5329102,255239,1
5329102,8536,1
5329102,814,1
5329102,84254,1
5329102,1196,1
5329102,1455,1
5329102,1456,1
5329102,1613,1
5329102,7786,1
5329102,2047,1
5329102,2263,1
5329102,2580,1
5329102,3055,1
5329102,3702,1
5329102,9113,1
5329102,9448,1
5329102,85366,1
5329102,5218,1
5329102,5587,1
5329102,25865,1
5329102,23683,1
5329102,5610,1
5329102,8711,1
5329102,7272,1
5329102,7525,1
5329102,10494,1
5329102,5605,1
5329102,5747,1
5329102,9201,1
5329102,85443,1
5329102,9263,1
5329102,91807,1
5329102,5260,1
5329102,81788,1
5329102,22848,1
5329102,9891,1
5329102,55589,1
5329102,1457,1
5329102,1459,1
5329102,2261,1
5329102,9641,1
5329102,6794,1
5329102,2011,1
5329102,4140,1
5329102,5604,1
5329102,8428,1
5329102,51765,1
5329102,4638,1
5329102,5261,1
5329102,8396,1
5329102,5585,1
5329102,83732,1
5329102,6732,1
5329102,6733,1
5329102,340156,1
5329102,11011,1
5329102,7301,1
5329102,57118,1
5329102,122011,1
5329102,815,1
5329102,57172,1
5329102,53944,1
5329102,57144,1
5329102,9874,1
5329102,1612,1
5329102,23604,1
5329102,3643,1
5329102,23012,1
5329102,6195,1
5329102,6196,1
5329102,8408,1
5329102,7297,1
5329102,50488,1
5329102,3716,1
5329102,26576,1
5329102,285220,1
5329102,9706,1
5329102,11213,1
5329102,9475,1
5329102,30811,1
5329102,1147,1
5329102,440275,1
5329102,120892,1
5329102,27330,1
5329102,6197,1
5329102,6793,1
5329102,3717,1
5329102,2185,1
5329102,5127,1
5329102,8737,1
5329102,1454,1
5329102,4915,1
5329102,558,1
5329102,818,1
5329102,9833,1
5329102,8576,1
5329102,1436,1
5329102,817,1
5329102,10298,1
5329102,4914,1
5329102,5562,1
5329102,5563,1
5329102,9262,1
5329102,23235,1
5329102,26524,1
5329102,2534,1
5329102,4751,1
5329102,3932,1
5329102,2045,1
5329102,56924,1
5329102,2242,1
5329102,2268,1
5329102,5063,1
5329102,1453,1
5329102,23043,1
5329102,6789,1
5329102,3645,1
5329102,8788,1
5329102,2869,1
23644582,1432,1
23644582,5979,1
5005498,51199,1
5005498,1020,1
5005498,2931,1
456214,10298,1
456214,1859,1
456214,6714,1
456214,1456,1
456214,6195,1
160355,8851,1
160355,1020,1
160355,1196,1
160355,1453,1
160355,1454,1
160355,5127,1
160355,5594,1
160355,5595,1
449241,5592,1
449241,5566,1
449241,10000,1
449241,9475,1
449241,6198,1
449241,208,1
449241,9252,1
449241,5567,1
449241,5569,1
449241,83903,1
644241,2047,1
644241,2048,1
644241,2050,1
644241,5156,1
644241,5159,1
644241,25,1
644241,780,1
644241,4921,1
644241,613,1
644241,3757,1
644241,4835,1
644241,51086,1
644241,5979,1
644241,285220,1
644241,5261,1
644241,3611,1
644241,3815,1
644241,3932,1
644241,1969,1
644241,2444,1
644241,27,1
644241,1576,1
5291,5159,1
5291,25,1
5291,4835,1
5291,780,1
5291,4921,1
5291,27,1
5291,3815,1
5291,640,1
5291,4067,1
5291,2580,1
5291,1956,1
5291,55244,1
5291,3932,1
5291,146802,1
5291,1436,1
5291,613,1
5291,6916,1
5291,1654,1
5291,5243,1
5291,2322,1
5291,4914,1
24771867,6790,1
24771867,9212,1
24771867,2043,1
24771867,80724,1
24771867,1969,1
24771867,3301,1
24771867,2771,1
24771867,4173,1
25102847,4233,1
25102847,5979,1
25102847,7010,1
25102847,2321,1
25102847,2260,1
25102847,2322,1
25102847,558,1
25102847,780,1
25102847,27,1
25102847,3815,1
25102847,6714,1
25102847,2324,1
25102847,1956,1
25102847,2444,1
25102847,613,1
25102847,8767,1
25102847,1969,1
25102847,4921,1
25102847,4486,1
9933475,50488,1
9933475,1956,1
9933475,4233,1
9933475,5979,1
9933475,2324,1
9933475,2261,1
9933475,285220,1
9933475,2260,1
9933475,2321,1
9933475,780,1
9933475,6793,1
9933475,51703,1
9933475,4921,1
24826799,2260,1
24826799,5979,1
24826799,3815,1
24826799,3654,1
24826799,27,1
24826799,11035,1
24826799,2534,1
24826799,4638,1
24826799,3932,1
24826799,2263,1
24826799,7525,1
24826799,4067,1
24826799,3716,1
24826799,1445,1
24826799,2185,1
24826799,51776,1
24826799,8737,1
24826799,8767,1
24826799,2322,1
24826799,1653,1
24826799,4921,1
24826799,2261,1
24826799,6714,1
24826799,2268,1
24826799,2264,1
24826799,2444,1
24826799,613,1
24826799,3757,1
24826799,2321,1
24826799,5128,1
24826799,5871,1
24826799,9448,1
24826799,1969,1
24826799,780,1
24826799,3055,1
24826799,23043,1
24826799,8711,1
24826799,3717,1
24826799,2041,1
24826799,1436,1
24826799,11184,1
24826799,2044,1
24826799,2049,1
24826799,4214,1
24826799,9261,1
24826799,7010,1
42642645,4233,1
42642645,3815,1
42642645,2321,1
42642645,2324,1
42642645,7010,1
42642645,780,1
42642645,4486,1
42642645,2322,1
42642645,558,1
42642645,147746,1
42642645,28996,1
42642645,5979,1
42642645,3932,1
42642645,6098,1
42642645,6608,1
42642645,8767,1
42642645,2045,1
42642645,51776,1
42642645,3055,1
42642645,11035,1
42642645,4296,1
42642645,79837,1
42642645,2241,1
42642645,27,1
42642645,1969,1
42642645,4921,1
42642645,2051,1
42642645,204851,1
42642645,4914,1
42642645,5753,1
42642645,2044,1
42642645,6714,1
42642645,2444,1
42642645,2185,1
42642645,613,1
42642645,4067,1
42642645,11183,1
42642645,695,1
42642645,9212,1
42642645,5607,1
42642645,10114,1
42642645,2043,1
42642645,3082,1
11167602,5979,1
11167602,4214,1
11167602,2041,1
11167602,3815,1
11167602,9261,1
11167602,1969,1
11167602,5128,1
11167602,2321,1
11167602,8767,1
11167602,4921,1
11167602,2322,1
11167602,3984,1
11167602,613,1
11167602,2260,1
11167602,51776,1
11167602,780,1
11167602,5894,1
11167602,11035,1
11167602,7010,1
11167602,2324,1
11167602,2263,1
11167602,4914,1
11167602,5600,1
11167602,2444,1
135423438,2260,1
135423438,2261,1
135423438,2321,1
135423438,6714,1
135423438,4067,1
135423438,23235,1
135423438,9833,1
135423438,3932,1
135423438,2322,1
135423438,9212,1
135423438,613,1
135423438,6789,1
135423438,6788,1
135423438,2324,1
135423438,2264,1
135423438,5979,1
135423438,1018,1
135423438,2263,1
135423438,3757,1
135423438,5243,1
135423438,4296,1
135423438,7525,1
135423438,9641,1
135423438,5607,1
135423438,4921,1
135423438,3717,1
135423438,6793,1
135423438,780,1
11493598,5594,1
11493598,5595,1
448014,2931,1
24180719,5894,1
24180719,5753,1
24180719,8544,1
11626560,238,1
11626560,4233,1
11626560,3643,1
11626560,3480,1
11626560,7297,1
11626560,11213,1
11626560,285220,1
11626560,9212,1
11626560,51086,1
11626560,728642,1
11626560,5747,1
11626560,6098,1
11626560,1956,1
11626560,558,1
11626560,197259,1
11626560,5871,1
11626560,27,1
11626560,3716,1
11626560,3717,1
11626560,23683,1
11626560,4486,1
11626560,8491,1
11626560,2051,1
71731823,4058,1
71731823,10188,1
71731823,5747,1
71731823,2444,1
71731823,2185,1
71731823,4915,1
71731823,4916,1
71731823,4914,1
71731823,6098,1
71731823,2242,1
71731823,2241,1
3035817,4638,1
3035817,4296,1
3035817,4294,1
3035817,5578,1
3035817,4914,1
3035817,5599,1
3035817,1195,1
3035817,5562,1
3035817,5608,1
3035817,5605,1
3035817,11213,1
3035817,6789,1
3035817,11184,1
3035817,25989,1
3035817,91807,1
3035817,2011,1
3035817,818,1
3035817,817,1
3035817,5979,1
3035817,5585,1
3035817,2081,1
3035817,6788,1
3035817,22848,1
3035817,2241,1
3035817,5601,1
3035817,23683,1
3035817,6793,1
3035817,9448,1
3035817,8767,1
3035817,6850,1
3035817,140609,1
3035817,5586,1
3035817,225689,1
3035817,1018,1
3035817,114783,1
3035817,9113,1
3035817,2322,1
3035817,23235,1
3035817,9833,1
3035817,9064,1
3035817,8711,1
3035817,51422,1
3035817,51135,1
3035817,11183,1
3035817,5571,1
3035817,4140,1
3035817,57787,1
3035817,5588,1
3035817,10298,1
3035817,9641,1
3035817,1020,1
3035817,7272,1
3035817,10595,1
3035817,8986,1
3035817,1021,1
3035817,57396,1
3035817,25865,1
3035817,23043,1
3035817,5871,1
3035817,10461,1
3035817,55589,1
3035817,4217,1
3035817,5604,1
3035817,4233,1
22049997,92335,1
22049997,5600,1
5287969,1021,1
5287969,10645,1
5287969,7297,1
5287969,1760,1
5287969,1956,1
5287969,27330,1
5287969,51086,1
5287969,5583,1
5287969,6195,1
5287969,25865,1
5287969,8986,1
5287969,5292,1
5287969,5580,1
5287969,5127,1
5287969,5581,1
5287969,1020,1
5287969,23097,1
5287969,11113,1
5287969,415116,1
5287969,84254,1
5287969,5128,1
5287969,1018,1
5287969,5218,1
5287969,9149,1
5287969,5588,1
5287969,225689,1
5287969,5587,1
5287969,23683,1
5287969,11040,1
5287969,2931,1
5287969,1198,1
5287969,1024,1
5287969,51755,1
5287969,27102,1
5287969,2580,1
5287969,5598,1
5287969,1859,1
5287969,2068,1
5287969,51574,1
5287969,5837,1
5287969,5834,1
3025986,8851,1
3025986,984,1
3025986,728642,1
3025986,23097,1
3025986,1195,1
3025986,57396,1
3025986,225689,1
3025986,1020,1
3025986,85366,1
3025986,5128,1
3025986,5129,1
3025986,5218,1
3025986,23683,1
3025986,27148,1
3025986,166614,1
3025986,9263,1
3025986,5597,1
3025986,2931,1
3025986,25865,1
3025986,11213,1
3025986,9149,1
3025986,5127,1
3025986,1454,1
3025986,51755,1
3025986,8621,1
3025986,1021,1
3025986,5598,1
3025986,1018,1
3025986,7422,1
176870,1956,1
176870,2066,1
176870,6795,1
176870,780,1
176870,2322,1
176870,8569,1
176870,5979,1
176870,9748,1
176870,7075,1
176870,640,1
176870,11113,1
176870,4067,1
176870,51086,1
176870,27,1
176870,2046,1
176870,2580,1
176870,85366,1
176870,8711,1
176870,3611,1
176870,285220,1
176870,8986,1
176870,1760,1
176870,6793,1
176870,2064,1
176870,3932,1
176870,6714,1
176870,8767,1
176870,2065,1
176870,3718,1
176870,4058,1
176870,699,1
176870,8856,1
11987888,51135,1
5326976,1457,1
5326976,4835,1
5326976,1859,1
5326976,1460,1
5326976,1459,1
210332,140,1
210332,7272,1
210332,6795,1
210332,3619,1
9823820,5979,1
9823820,780,1
9823820,4921,1
9823820,5871,1
9823820,5753,1
9823820,11035,1
9823820,9261,1
9823820,23043,1
9823820,8767,1
9823820,6793,1
9823820,3815,1
9823820,2263,1
9823820,2264,1
46220502,1021,1
46220502,595,1
46220502,1020,1
46220502,8851,1
46220502,22848,1
46220502,11113,1
46220502,1859,1
46220502,8576,1
46220502,57143,1
46220502,57551,1
46220502,1195,1
46220502,2931,1
46220502,5292,1
46220502,5578,1
46220502,818,1
46220502,1459,1
46220502,5127,1
46220502,57396,1
46220502,5580,1
46220502,22858,1
46220502,3654,1
46220502,817,1
46220502,8536,1
46220502,204851,1
156422,6300,1
156422,5603,1
156422,4921,1
156422,50488,1
156422,5601,1
156422,3815,1
156422,23097,1
156422,1024,1
156422,780,1
156422,2042,1
156422,9748,1
156422,7075,1
156422,7010,1
156422,640,1
156422,51776,1
156422,255239,1
156422,2046,1
156422,5602,1
156422,9448,1
156422,51701,1
156422,9578,1
156422,285220,1
156422,1020,1
156422,6793,1
156422,2444,1
156422,5600,1
156422,5599,1
156422,2185,1
156422,2045,1
156422,4915,1
156422,4916,1
156422,23043,1
156422,4914,1
156422,5243,1
25113172,6850,1
25113172,7535,1
71496458,3643,1
71496458,2064,1
71496458,7006,1
71496458,3757,1
71496458,2065,1
71496458,833,1
71496458,695,1
6419766,57118,1
11338033,8851,1
11338033,728642,1
11338033,5598,1
11338033,1020,1
11338033,2931,1
11338033,57551,1
11338033,9344,1
11338033,8621,1
11338033,51755,1
11338033,5128,1
11338033,1198,1
11338033,5127,1
44631903,9261,1
447700,3815,1
447700,6714,1
447700,3932,1
5287736,5578,1
5287736,5579,1
5287736,5582,1
5287736,5580,1
5287736,5581,1
5287736,5583,1
5287736,6011,1
5287736,156,1
5287736,157,1
5287736,2868,1
5287736,2869,1
5287736,2870,1
5287736,131890,1
4708,2066,1
4708,660,1
4708,2064,1
4708,2534,1
4708,6714,1
5328969,2064,1
5328969,6714,1
5687,84630,1
3081361,7010,1
3081361,780,1
3081361,4921,1
3081361,2322,1
3081361,2444,1
3081361,11183,1
3081361,8569,1
3081361,9748,1
3081361,640,1
3081361,4067,1
3081361,5753,1
3081361,27,1
3081361,2044,1
3081361,2046,1
3081361,2580,1
3081361,3055,1
3081361,7525,1
3081361,2066,1
3081361,7301,1
3081361,90,1
3081361,285220,1
3081361,27330,1
3081361,8767,1
3081361,6714,1
3081361,3815,1
3081361,6793,1
3081361,4058,1
3081361,94,1
3081361,2534,1
3081361,6195,1
3081361,558,1
3081361,23235,1
3081361,2268,1
3081361,2041,1
3081361,3932,1
3081361,613,1
3081361,7422,1
3081361,2051,1
3081361,2064,1
3081361,2065,1
3081361,1969,1
3081361,2042,1
3081361,2049,1
3081361,2043,1
3081361,2045,1
3081361,284656,1
156414,2066,1
156414,640,1
156414,660,1
156414,695,1
156414,780,1
156414,8569,1
156414,4067,1
156414,27,1
156414,2580,1
156414,7048,1
156414,7301,1
156414,285220,1
156414,6195,1
156414,11213,1
156414,9748,1
156414,2046,1
156414,2043,1
156414,6793,1
156414,2044,1
156414,2042,1
156414,3932,1
156414,3718,1
156414,8767,1
156414,2064,1
156414,7294,1
156414,2322,1
156414,613,1
156414,6714,1
5329103,9833,1
5329103,57172,1
151194,780,1
151194,1436,1
151194,3815,1
5329098,3815,1
5329098,4352,1
208908,2066,1
208908,3757,1
208908,2064,1
123631,5753,1
123631,2066,1
123631,8569,1
123631,9748,1
123631,4067,1
123631,2580,1
123631,285220,1
123631,1613,1
123631,1760,1
123631,11213,1
123631,6793,1
123631,2872,1
123631,2064,1
123631,2322,1
123631,8767,1
123631,1454,1
123631,3932,1
4566,1020,1
4566,1859,1
5326956,7010,1
5328940,4067,1
5328940,50488,1
5328940,10188,1
5328940,660,1
5328940,5604,1
5328940,51086,1
5328940,440275,1
5328940,1760,1
5328940,120892,1
5328940,4216,1
5328940,10645,1
5328940,6714,1
5328940,3815,1
5328940,23387,1
5328940,55589,1
5328940,2580,1
5328940,1198,1
5328940,9088,1
5328940,5871,1
5328940,695,1
5328940,11184,1
5328940,1969,1
5328940,8428,1
5328940,9748,1
5328940,3055,1
5328940,27,1
5328940,11183,1
5328940,558,1
5328940,2444,1
5328940,494551,1
5328940,2043,1
5328940,8491,1
5328940,4214,1
5328940,23043,1
5328940,2534,1
5328940,6793,1
5328940,1195,1
5328940,23235,1
5328940,9641,1
5328940,1445,1
5328940,5747,1
5328940,10746,1
5328940,613,1
5328940,3932,1
5328940,7525,1
5328940,2241,1
5328940,818,1
5328940,5605,1
5330286,3718,1
5330286,1195,1
5330286,1459,1
5330286,5305,1
2396,5588,1
2396,5292,1
2396,3757,1
2396,114783,1
2396,5170,1
2396,5584,1
5330812,1198,1
5330812,1195,1
5330812,27,1
5330812,1456,1
5330812,9748,1
5330812,814,1
5289419,1020,1
448008,2931,1
656949,5603,1
447518,6714,1
15991573,3718,1
15991573,3932,1
6914613,10000,1
6914613,5590,1
6914613,208,1
6914613,5569,1
6914614,5569,1
5164,5603,1
5327067,2580,1
9543521,5599,1
9543521,9479,1
6852206,5601,1
6852206,9479,1
447872,5602,1
8515,3718,1
8515,5261,1
8515,23604,1
8515,55589,1
8515,57396,1
8515,1613,1
8515,7272,1
8515,2872,1
8515,22848,1
8515,1196,1
8515,2580,1
8515,11040,1
8515,9479,1
16122642,5569,1
11553058,10188,1
11553058,3718,1
11553058,3932,1
17754396,5170,1
12106168,5603,1
21081761,11035,1
24864821,5568,1
9917013,6300,1
10427712,27330,1
10427712,6195,1
10427712,84446,1
10427712,3716,1
10427712,22848,1
10427712,2322,1
5494425,7297,1
5494425,3716,1
5494425,3717,1
5494425,2263,1
5494425,3551,1
5494425,1613,1
24995524,6795,1
10113978,4921,1
10113978,6795,1
10113978,780,1
10113978,2444,1
10113978,11184,1
10113978,7075,1
10113978,2263,1
10113978,2580,1
10113978,27148,1
10113978,7272,1
10113978,3984,1
10113978,6416,1
10113978,11213,1
10113978,3815,1
10113978,4751,1
10113978,8737,1
10113978,8767,1
10113978,6098,1
10113978,3985,1
10113978,2322,1
10113978,6793,1
10113978,23043,1
10113978,8711,1
10113978,4067,1
10113978,8576,1
10113978,4293,1
10113978,2246,1
10113978,10019,1
10113978,3932,1
16757525,8317,1
11957417,1263,1
10389239,7867,1
10389239,8550,1
11992146,8550,1
11992146,7867,1
11712649,2872,1
11712649,6795,1
11712649,10461,1
11712649,640,1
11712649,1969,1
11712649,2043,1
11712649,7525,1
11712649,9263,1
11712649,7006,1
11712649,285220,1
11712649,11213,1
11712649,9833,1
11712649,9262,1
11712649,2045,1
11712649,3932,1
11712649,2268,1
11712649,558,1
11524144,90,1
11524144,1196,1
11524144,5564,1
11524144,652,1
11524144,7525,1
11524144,658,1
11524144,94,1
11524144,7048,1
11524144,659,1
11524144,657,1
3542,5569,1
10109823,5292,1
49831257,2322,1
9826528,5604,1
9826528,5605,1
9826528,5607,1
11511120,2064,1
11511120,3932,1
11511120,8767,1
11511120,2580,1
11213558,4067,1
11213558,22848,1
11213558,1612,1
11213558,11213,1
11213558,120892,1
11213558,6195,1
11213558,9263,1
11213558,4216,1
11213558,1147,1
11213558,285220,1
11213558,51086,1
11213558,440275,1
11213558,8780,1
11213558,23235,1
11213558,1459,1
11213558,8711,1
11213558,9641,1
11213558,2322,1
11213558,25989,1
11213558,4750,1
11213558,91754,1
11213558,57396,1
11213558,10298,1
11213558,3654,1
11213558,57143,1
11213558,2045,1
11213558,8576,1
11213558,4628,1
11213558,29110,1
49803313,8428,1
49803313,1459,1
49803313,5605,1
49803313,2322,1
49803313,11184,1
49803313,5261,1
49803313,814,1
49803313,8576,1
49803313,25989,1
49803313,658,1
49803313,5901,1
49803313,1537,1
49803313,8711,1
49803313,558,1
49803313,2185,1
49803313,6793,1
49803313,9748,1
49803313,57143,1
49803313,22848,1
49803313,225689,1
49803313,5871,1
49803313,2580,1
49803313,818,1
49803313,10746,1
49803313,11213,1
49803313,4751,1
49803313,7525,1
49803313,9448,1
49803313,8767,1
49803313,2241,1
49803313,7284,1
49803313,4486,1
49803313,55589,1
49803313,9113,1
49803313,817,1
49803313,657,1
49803313,699,1
49803313,1718,1
49803313,8491,1
49803313,51703,1
49803313,2051,1
49803313,3350,1
49803313,3351,1
49803313,3352,1
49803313,3354,1
49803313,3355,1
49803313,3356,1
49803313,3357,1
49803313,3358,1
49803313,3359,1
49803313,9177,1
49803313,170572,1
49803313,200909,1
49803313,285242,1
49803313,3360,1
49803313,3362,1
49803313,3363,1
11493841,51206,1
44631912,817,1
44631912,818,1
44631912,2580,1
24821094,2263,1
24821094,695,1
24821094,660,1
24821094,7006,1
24821094,640,1
24821094,3055,1
24821094,4067,1
24821094,7525,1
24821094,2322,1
24821094,11035,1
24821094,2268,1
24821094,2534,1
24821094,3932,1
24821094,5607,1
24821094,51206,1
24821094,2064,1
24821094,8013,1
24821094,8767,1
24821094,84293,1
24821094,2444,1
24821094,27,1
24821094,7294,1
24875320,2045,1
49806720,6732,1
49806720,6733,1
49806720,51,1
49806720,2580,1
49806720,2041,1
49806720,1455,1
9926791,8711,1
9926791,85443,1
9926791,81788,1
9926791,27330,1
9926791,6196,1
9926791,5585,1
9926791,3932,1
50922675,8767,1
50922675,11035,1
50922675,3654,1
50922675,3985,1
50922675,3984,1
50922675,51701,1
50922675,51776,1
3062316,1969,1
3062316,2042,1
3062316,2049,1
3062316,2444,1
3062316,11184,1
3062316,8491,1
3062316,11183,1
3062316,9748,1
3062316,51086,1
3062316,51776,1
3062316,27,1
3062316,2043,1
3062316,2044,1
3062316,2046,1
3062316,2580,1
3062316,51701,1
3062316,150094,1
3062316,6725,1
3062316,27148,1
3062316,7016,1
3062316,4216,1
3062316,56997,1
3062316,91,1
3062316,92,1
3062316,93,1
3062316,3984,1
3062316,9088,1
3062316,50488,1
3062316,1760,1
3062316,7294,1
3062316,7046,1
3062316,3932,1
3062316,8767,1
3062316,5585,1
3062316,2051,1
3062316,2268,1
3062316,2064,1
3062316,2534,1
3062316,2041,1
3062316,3985,1
3062316,23235,1
3062316,94,1
3062316,10298,1
3062316,8711,1
3062316,23387,1
3062316,5603,1
3062316,4661,1
3062316,494551,1
3062316,5471,1
3062316,6777,1
3062316,8013,1
73386890,7272,1
73386890,120892,1
57379345,3643,1
57379345,6098,1
57379345,83942,1
57379345,3932,1
57379345,3480,1
57379345,2322,1
57379345,8711,1
57379345,2264,1
57379345,5243,1
57379345,5747,1
57379345,814,1
57379345,2241,1
22024915,2580,1
22024915,6793,1
22024915,833,1
10184653,285220,1
10184653,2064,1
10184653,2580,1
10458325,1969,1
10458325,11035,1
10458325,2043,1
10458325,27,1
10458325,8767,1
10458325,2045,1
10458325,11183,1
10458325,2041,1
10458325,2580,1
10458325,3932,1
10458325,2051,1
10458325,2064,1
10458325,1950,1
24889392,2322,1
24889392,4628,1
42611257,8767,1
42611257,5607,1
42611257,369,1
42611257,51776,1
9929643,6885,1
25126798,1612,1
25126798,6195,1
25126798,9252,1
25126798,27330,1
25126798,22848,1
25126798,120892,1
25126798,815,1
25126798,816,1
25126798,814,1
25126798,817,1
25126798,818,1
25126798,53944,1
16722836,676,1
16722836,1147,1
16722836,815,1
16722836,440275,1
16722836,1760,1
16722836,11213,1
16722836,120892,1
16722836,1612,1
16722836,22848,1
16722836,3643,1
16722836,9263,1
16722836,4140,1
16722836,6733,1
16722836,8780,1
16722836,8576,1
16722836,57143,1
16722836,5747,1
16722836,55589,1
16722836,2580,1
44205240,27102,1
44205240,8711,1
44205240,22848,1
44205240,817,1
44205240,818,1
44205240,1455,1
44205240,5585,1
44205240,8408,1
44205240,1195,1
44205240,55589,1
44205240,10801,1
44205240,2011,1
44205240,2580,1
44205240,5586,1
44205240,4140,1
44205240,2185,1
71226662,7294,1
71226662,2064,1
9915743,4216,1
9915743,440275,1
9915743,50488,1
9915743,9263,1
9915743,2580,1
9915743,2064,1
9915743,5871,1
9915743,11183,1
9915743,4751,1
9915743,203054,1
9915743,51765,1
11707110,5605,1
11707110,5243,1
16666708,5605,1
16666708,4214,1
68165256,3643,1
68165256,3480,1
68165256,6098,1
68165256,2064,1
24856436,494551,1
24856436,4216,1
24856436,9088,1
24856436,2051,1
24856436,4752,1
24856436,132,1
24856436,1459,1
24856436,2580,1
126565,11040,1
126565,23604,1
126565,84254,1
126565,8536,1
126565,9064,1
126565,10461,1
126565,8396,1
126565,9641,1
126565,81788,1
126565,6793,1
126565,4215,1
126565,23683,1
126565,140469,1
126565,9113,1
126565,1760,1
126565,1459,1
126565,6416,1
126565,815,1
126565,55589,1
126565,22848,1
126565,27330,1
126565,5261,1
126565,150094,1
126565,5260,1
126565,22858,1
126565,10494,1
126565,57787,1
126565,57551,1
126565,5587,1
126565,9175,1
126565,1195,1
126565,131890,1
126565,10298,1
126565,140901,1
126565,5610,1
126565,6725,1
126565,28996,1
126565,2444,1
126565,4145,1
126565,9891,1
126565,9706,1
126565,4140,1
126565,2042,1
126565,2868,1
126565,51765,1
126565,225689,1
126565,8780,1
126565,10746,1
126565,11113,1
126565,204851,1
126565,5613,1
126565,11183,1
126565,6794,1
126565,6195,1
126565,8394,1
126565,7048,1
126565,9874,1
126565,5605,1
126565,5288,1
126565,340156,1
126565,8491,1
126565,8445,1
126565,84446,1
126565,3551,1
126565,11329,1
126565,11184,1
126565,2081,1
126565,816,1
126565,7301,1
126565,8711,1
126565,5606,1
126565,11213,1
126565,9128,1
126565,5585,1
126565,9252,1
126565,9024,1
126565,91,1
126565,100130827,1
126565,65975,1
126565,83732,1
126565,25865,1
126565,30811,1
126565,80122,1
126565,51347,1
126565,6011,1
126565,57144,1
126565,5218,1
126565,1613,1
126565,22983,1
126565,8788,1
126565,6196,1
126565,5593,1
126565,1457,1
126565,10114,1
126565,25989,1
126565,7016,1
126565,51265,1
126565,85366,1
126565,1859,1
126565,10645,1
126565,415116,1
126565,6788,1
126565,50488,1
126565,83942,1
126565,11011,1
126565,5608,1
126565,23012,1
126565,5128,1
126565,51701,1
126565,53904,1
126565,56924,1
126565,285220,1
126565,54101,1
126565,6792,1
126565,147746,1
126565,8428,1
126565,2580,1
126565,8569,1
126565,5567,1
126565,23387,1
126565,1612,1
126565,57118,1
126565,9748,1
126565,2051,1
126565,5586,1
126565,9263,1
126565,389840,1
126565,4058,1
126565,57396,1
126565,7075,1
126565,9448,1
126565,26524,1
126565,8986,1
126565,1147,1
126565,8408,1
126565,255239,1
126565,26576,1
126565,6198,1
126565,2011,1
126565,9578,1
126565,25778,1
126565,120892,1
126565,440275,1
126565,8621,1
126565,91807,1
126565,8814,1
126565,388228,1
126565,23678,1
126565,7786,1
126565,8573,1
126565,57172,1
126565,6197,1
126565,5607,1
126565,51422,1
126565,10595,1
126565,29110,1
126565,7046,1
126565,1018,1
126565,818,1
126565,817,1
126565,5571,1
126565,9833,1
126565,5562,1
126565,5871,1
126565,6789,1
126565,4217,1
126565,23235,1
126565,4914,1
126565,2241,1
66599893,6530,1
176167,6196,1
176167,9263,1
176167,9252,1
176167,65061,1
2733526,10682,1
2733526,2100,1
2733526,2099,1
2733526,84650,1
2733526,6916,1
2733526,2101,1
2733526,5241,1
2733526,23683,1
2733526,1555,1
2733526,1576,1
2733526,2104,1
2733526,3757,1
2733526,367,1
2733526,6462,1
2733526,8856,1
2733526,5584,1
448991,4915,1
448991,4914,1
2856,53944,1
2856,10461,1
11640390,3643,1
11640390,9113,1
11640390,203054,1
11640390,9429,1
11640390,11183,1
11640390,5871,1
16043304,208,1
9842606,132,1
9934347,2064,1
5312137,6788,1
5312137,9024,1
5312137,801,1
5312137,817,1
24762195,5569,1
4630909,3757,1
5280953,1859,1
5280953,1195,1
5280953,8445,1
5280953,9149,1
5280953,8444,1
5280953,83903,1
5280953,11188,1
6445562,11184,1
6445562,8491,1
6445562,11183,1
6445562,9748,1
6445562,7075,1
6445562,11113,1
6445562,2580,1
6445562,9448,1
6445562,5605,1
6445562,9263,1
6445562,4216,1
6445562,1760,1
6445562,122011,1
6445562,440275,1
6445562,2064,1
6445562,6793,1
6445562,23043,1
6445562,2241,1
6445562,2046,1
6445562,3932,1
6445562,4751,1
6445562,1454,1
6445562,494551,1
6445562,1195,1
6445562,55589,1
6445562,2044,1
6445562,51776,1
6445562,2268,1
6445562,558,1
6445562,9088,1
6445562,4214,1
11656518,11183,1
11656518,9748,1
11656518,7075,1
11656518,11113,1
11656518,51776,1
11656518,5610,1
11656518,440275,1
11656518,3932,1
11656518,8767,1
11656518,6793,1
11656518,5063,1
9863672,5585,1
9829523,57396,1
9829523,10645,1
9829523,2011,1
9829523,415116,1
9829523,57118,1
9829523,1195,1
9829523,30811,1
9829523,6011,1
9829523,11213,1
9829523,5593,1
9829523,9252,1
9829523,340156,1
9829523,9891,1
9829523,9024,1
9829523,23387,1
9829523,6196,1
9829523,9128,1
9829523,1457,1
9829523,8396,1
9829523,6195,1
9829523,9748,1
9829523,816,1
9829523,9448,1
9829523,147746,1
9829523,2580,1
9829523,55781,1
9829523,2868,1
9829523,150094,1
9829523,5260,1
9829523,5288,1
9829523,26576,1
9829523,8986,1
9829523,55589,1
9829523,10746,1
9829523,9641,1
9829523,4140,1
9829523,84254,1
9829523,23604,1
9829523,4215,1
9829523,6793,1
9829523,80122,1
9829523,8491,1
9829523,57787,1
9829523,5585,1
9829523,815,1
9829523,81788,1
9829523,5261,1
9829523,8780,1
9829523,131890,1
9829523,22848,1
9829523,8711,1
9829523,5613,1
9829523,8394,1
9829523,6794,1
9829523,440275,1
9829523,65975,1
9829523,22983,1
9829523,6197,1
9829523,120892,1
9829523,10461,1
9829523,25865,1
9829523,10494,1
9829523,1760,1
9829523,23683,1
9829523,8536,1
9829523,27330,1
9829523,83942,1
9829523,7075,1
9829523,11184,1
9829523,26524,1
9829523,1613,1
9829523,83732,1
9829523,9113,1
9829523,9263,1
9829523,5606,1
9829523,57172,1
9829523,84446,1
9829523,11183,1
9829523,6416,1
9829523,5610,1
9829523,23097,1
9829523,6098,1
9829523,5292,1
9829523,5563,1
9829523,208,1
9829523,8576,1
9829523,9833,1
9829523,4139,1
9829523,5562,1
9829523,558,1
9829523,818,1
9829523,4293,1
9829523,23235,1
9829523,2268,1
9829523,3932,1
9829523,2185,1
9829523,9149,1
9829523,817,1
9829523,6789,1
9829523,4914,1
9829523,5063,1
9829523,4915,1
9829523,29110,1
9829523,7301,1
44462760,5128,1
44462760,23683,1
44462760,11035,1
44462760,2534,1
44462760,3984,1
44462760,8408,1
44462760,8767,1
44462760,51776,1
44462760,91,1
44462760,3985,1
44462760,27102,1
44462760,23235,1
44462760,8711,1
44462760,5127,1
44462760,91754,1
44462760,4750,1
44462760,25865,1
44462760,3932,1
44462760,369,1
44462760,2041,1
44462760,10595,1
44462760,2051,1
44462760,150094,1
44462760,79858,1
17756743,3932,1
16222096,5605,1
11719003,57551,1
3038522,1195,1
3038522,11183,1
3038522,11213,1
3038522,4915,1
3038522,4914,1
3038522,10801,1
3038522,10056,1
3038522,80310,1
10127622,5605,1
10127622,8243,1
10127622,10592,1
15295578,6195,1
15295578,53944,1
15295578,1559,1
11544170,558,1
11544170,10645,1
42642648,2064,1
42642648,11035,1
42642648,8767,1
86705695,2264,1
129073603,4914,1
129073603,4916,1
6083,134,1
6083,107,1
6083,55902,1
6083,5142,1
6083,2180,1
6083,5562,1
6083,5144,1
6083,3094,1
6083,5563,1
6083,5565,1
6083,5571,1
6083,51422,1
6083,53632,1
135398510,4916,1
135398510,23043,1
135398510,2534,1
135398510,4915,1
135398510,8737,1
135398510,4914,1
135398510,5562,1
135398510,2268,1
135398510,5127,1
135398510,6789,1
135398510,5571,1
135398510,5563,1
135398510,8856,1
11671467,8654,1
11671467,240,1
11671467,140,1
11671467,5562,1
11671467,2534,1
11671467,2185,1
11671467,4914,1
11671467,2030,1
11671467,1457,1
11671467,54658,1
11671467,4915,1
11671467,7046,1
11671467,4751,1
11671467,5584,1
11671467,1198,1
11671467,5127,1
11671467,817,1
11671467,2045,1
11671467,9262,1
11671467,818,1
11671467,4293,1
11671467,9344,1
11671467,79858,1
11671467,5563,1
11671467,5565,1
11671467,5571,1
11671467,51422,1
11671467,53632,1
11671467,2268,1
11671467,29110,1
11671467,23043,1
11671467,7294,1
11671467,79934,1
11671467,558,1
11671467,658,1
11671467,1448,1
11671467,8999,1
11671467,9149,1
11671467,27102,1
11671467,2041,1
11671467,2241,1
11671467,2242,1
11671467,3654,1
11671467,5871,1
11671467,5596,1
11671467,5598,1
11671467,4139,1
11671467,23332,1
11671467,9833,1
11671467,4486,1
11671467,4750,1
11671467,4752,1
11671467,6787,1
11671467,4916,1
11671467,5058,1
11671467,5062,1
11671467,5063,1
11671467,5298,1
11671467,79837,1
11671467,8899,1
11671467,8737,1
11671467,8767,1
11671467,23235,1
11671467,8576,1
135565884,7294,1
135565884,51206,1
135565884,2268,1
448949,240,1
67462786,2264,1
97297,83903,1
448912,1080,1
5327109,5569,1
3707,9262,1
3707,196,1
51039094,79784,1
51039094,2065,1
12412578,5569,1
16122633,5569,1
15602982,5569,1
2244,93100,1
2244,5742,1
2244,1645,1
2244,834,1
2244,836,1
2244,4609,1
2244,5565,1
2244,53632,1
2244,5111,1
2244,5596,1
11282283,5888,1
54675783,4843,1
54675783,4318,1
54675783,7422,1
54675783,240,1
54675783,834,1
54675783,54205,1
54675783,836,1
54675783,5596,1
11661758,7422,1
24871491,3667,1
33113,2937,1
33113,1080,1
33113,1457,1
33113,3706,1
33113,5888,1
33113,547,1
33113,2584,1
33113,7203,1
33113,7415,1
33113,11004,1
33113,54822,1
13520,3613,1
13520,3612,1
10197702,3613,1
10197702,3612,1
68841,5837,1
68841,1080,1
68841,3749,1
68841,4087,1
68841,6317,1
10976469,6282,1
11175137,5569,1
5288700,3612,1
9305,5569,1
9305,389434,1
11840906,5569,1
5327110,5569,1
11608401,5569,1
16122632,5569,1
15602983,5569,1
16122635,5569,1
3540,5569,1
16122634,5569,1
691952,5569,1
11696113,5569,1
42627562,5569,1
3371,8644,1
3371,1646,1
3371,1645,1
3371,5743,1
3371,57016,1
3371,93100,1
3371,7276,1
3371,5742,1
3371,5465,1
3371,367,1
3371,5468,1
3715,5743,1
3715,5732,1
3715,11251,1
3715,5742,1
3715,6916,1
3715,3576,1
3715,93100,1
3715,213,1
3715,367,1
3715,5465,1
3715,5468,1
3715,2739,1
3715,145482,1
5288850,836,1
5288850,840,1
445455,5916,1
39912,998,1
39912,5742,1
39912,3579,1
39912,5743,1
39912,5465,1
39912,5468,1
39912,6564,1
39912,2811,1
39912,7056,1
39912,1080,1
39912,2169,1
39912,6278,1
445154,1545,1
445154,4835,1
445154,5743,1
445154,5742,1
445154,2099,1
445154,7276,1
445154,8989,1
445154,5465,1
445154,5468,1
445154,8565,1
445154,240,1
445154,246,1
445154,4544,1
445154,4543,1
445154,8856,1
445154,6513,1
445154,3690,1
445154,1457,1
445154,873,1
445154,196,1
445154,9970,1
445154,161198,1
445154,55300,1
445154,3678,1
445154,8570,1
5280492,56413,1
5280492,1241,1
5280492,5465,1
3825,5742,1
3825,3577,1
3826,837,1
3826,838,1
3826,842,1
3826,5742,1
4044,1646,1
4044,5742,1
4044,4353,1
4044,1645,1
4044,93100,1
4495,4057,1
4495,30814,1
3308,5742,1
3308,6256,1
3394,5742,1
4037,7276,1
4037,1645,1
4037,5742,1
4037,240,1
4037,3785,1
4037,3786,1
54677470,5742,1
54676228,5742,1
5090,5732,1
5090,2006,1
5509,3576,1
5509,5742,1
5733,11251,1
5280360,27306,1
5280360,5734,1
5280360,5739,1
5280360,5731,1
5280360,5733,1
5280360,5737,1
5280360,11251,1
5282381,5734,1
5282381,5731,1
5282381,5733,1
3339,2168,1
3339,5468,1
3339,5465,1
3339,8856,1
3339,64386,1
64929,5465,1
64929,5468,1
64929,8856,1
64929,5467,1
64929,64386,1
77999,5468,1
77999,55847,1
77999,5465,1
77999,6257,1
77999,6256,1
77999,6258,1
77999,2182,1
77999,5467,1
449171,5915,1
449171,6256,1
449171,6257,1
449171,5914,1
449171,6258,1
449171,3164,1
449171,3486,1
449171,5673,1
449171,340665,1
5289501,5914,1
444795,6258,1
444795,6256,1
444795,5914,1
444795,6257,1
444795,6095,1
444795,6096,1
444795,5300,1
444795,6097,1
444795,5950,1
444795,8854,1
444795,216,1
444795,5918,1
444795,9052,1
444795,27306,1
444795,1592,1
444795,3933,1
444795,29991,1
444795,340665,1
444795,56603,1
82146,6258,1
82146,6257,1
82146,6256,1
82146,5914,1
82146,7376,1
82146,10062,1
5280723,5731,1
5280723,11251,1
5920,7068,1
5920,7067,1
5920,5111,1
4674,842,1
123879,11251,1
123879,6915,1
71329,3757,1
71329,3768,1
71329,3756,1
60164,2805,1
447912,6095,1
447912,10062,1
447912,7376,1
447912,6097,1
447912,8856,1
447912,9971,1
447912,8648,1
447912,10499,1
447458,5465,1
9863447,7067,1
208901,5465,1
5564,873,1
5564,367,1
5564,7173,1
5564,8856,1
5564,9970,1
5755,4306,1
5755,151306,1
5755,2908,1
4829,55847,1
4829,8647,1
447905,10062,1
447905,7376,1
16741227,5742,1
16741228,5742,1
60490,240,1
60490,241,1
60490,9536,1
60490,246,1
9799888,1592,1
9799888,1559,1
9799888,1576,1
9799888,56603,1
5362391,6916,1
5362391,6915,1
133021,9536,1
133021,30814,1
3672,5465,1
3672,2811,1
3672,7056,1
3672,1080,1
3672,2169,1
3672,6278,1
667550,3579,1
2581,727,1
44473151,241,1
5287525,7046,1
65981,6833,1
65981,3767,1
206044,5465,1
3033,3576,1
3033,7276,1
9547900,5467,1
9547900,5465,1
6102812,5465,1
6102812,5467,1
157049,5465,1
447966,7046,1
153270,834,1
153270,841,1
9854012,64805,1
680935,246,1
10274777,5465,1
10274777,8648,1
2605,56603,1
447715,9971,1
9803963,5467,1
9803963,5465,1
11483970,5465,1
446758,5465,1
5591,2305,1
5591,2950,1
5591,2182,1
5591,2104,1
5591,2101,1
5997,10858,1
5997,6097,1
5997,7421,1
5997,26253,1
3059,7276,1
5280363,5737,1
5280363,5733,1
5819,3690,1
5819,3685,1
121892,3785,1
121892,56479,1
121892,3786,1
121892,9132,1
121892,3784,1
5282379,81285,1
985,2171,1
985,2167,1
985,1558,1
985,3174,1
985,27095,1
985,3906,1
985,5047,1
985,5375,1
985,5538,1
160024,231,1
160024,57016,1
9956726,8648,1
4614,727,1
338,3146,1
338,93100,1
2206,93100,1
1548953,10682,1
1548953,2099,1
4488,5321,1
4488,1187,1
4488,54600,1
400010,4843,1
3488,19,1
3488,1374,1
3488,10060,1
3488,3767,1
3488,3764,1
3488,54795,1
5280934,8856,1
5280934,3992,1
5280934,6546,1
5280934,7442,1
5280934,9415,1
5280934,60481,1
5280934,54898,1
119828,4057,1
243,6564,1
243,1610,1
4641,30814,1
5497171,839,1
644213,10499,1
4781,5740,1
3476,3758,1
3476,3767,1
3476,10060,1
222865,3292,1
441298,8856,1
446284,3992,1
446284,6546,1
446284,2182,1
446284,7442,1
1983,7442,1
1983,10728,1
1983,1268,1
4201,5972,1
4201,3758,1
4201,10060,1
1548887,231,1
48229,1187,1
185915,8565,1
39042,8856,1
1017,2099,1
1017,5241,1
1017,2100,1
445580,6720,1
445639,5375,1
11395145,8648,1
5284513,5947,1
5353760,10499,1
9571004,3757,1
9571004,3753,1
9571004,3784,1
9930049,3757,1
9930049,3752,1
9930049,3741,1
6918485,3757,1
6918485,775,1
6918485,3784,1
6918485,3767,1
6918485,3752,1
6918485,3741,1
6918485,3765,1
5282411,5740,1
192197,2099,1
192197,8856,1
3520,217,1
3520,6035,1
3520,1742,1
3520,3786,1
3520,3756,1
3520,3737,1
3520,3742,1
3520,3738,1
3520,3739,1
3520,3741,1
3520,3746,1
3520,3784,1
3520,9132,1
3520,3749,1
3520,3757,1
3520,3748,1
3520,3745,1
3520,3744,1
3520,27012,1
3520,27133,1
3520,170850,1
3520,93107,1
3520,169522,1
3520,9312,1
3520,3787,1
3520,131096,1
3520,3747,1
3520,3743,1
3520,3790,1
3520,81033,1
3520,3754,1
3520,90134,1
3520,3750,1
3520,3751,1
3520,3755,1
3520,26251,1
3520,3752,1
3520,23416,1
3520,3788,1
3520,23415,1
2727,3767,1
5311309,3767,1
3478,3767,1
5505,3758,1
5505,3767,1
91610,3764,1
9565,3758,1
2794,3738,1
9549225,8648,1
71398,6462,1
4649,30814,1
8730,7173,1
60947,3674,1
60947,3690,1
135565050,3690,1
66000,3690,1
4034,3269,1
31072,7173,1
657298,1733,1
10133,8856,1
1989,3767,1
8249,3764,1
1727,3751,1
1727,3752,1
1727,3739,1
1727,3737,1
1727,3738,1
1727,3741,1
1727,3742,1
1727,3743,1
1727,3744,1
1727,3745,1
1727,9312,1
1727,3746,1
1727,3747,1
1727,3748,1
1727,3750,1
1727,3786,1
1727,3756,1
1727,9132,1
1727,3749,1
1727,27012,1
1727,27133,1
1727,170850,1
1727,93107,1
1727,169522,1
1727,3787,1
1727,131096,1
1727,3790,1
1727,81033,1
1727,3754,1
1727,90134,1
1727,3755,1
1727,26251,1
1727,23416,1
1727,3788,1
1727,23415,1
222528,2950,1
222528,79631,1
22419,7172,1
21804428,4057,1
169535,4891,1
9845059,8648,1
46937142,79090,1
46937142,122553,1
46937142,126003,1
46937142,51399,1
46937142,58485,1
46936479,79631,1
445032,3739,1
3572,5538,1
17397714,55107,1
446541,3614,1
446541,3615,1
11545694,3290,1
896,4543,1
896,4544,1
896,4835,1
896,11255,1
896,2099,1
896,801,1
896,811,1
896,438,1
896,6096,1
896,8288,1
115348,4544,1
115348,4835,1
82148,4544,1
82148,3357,1
82148,3358,1
903,6697,1
347402,125,1
347402,131,1
5287890,124,1
1504717,1588,1
132302,6652,1
43157,1806,1
43157,7498,1
43157,316,1
3610,7299,1
3610,7052,1
337359,231,1
71657455,3417,1
135438608,728635,1
53359,10327,1
23629645,728635,1
89683805,3418,1
3117,216,1
3117,11343,1
3117,79792,1
3117,84171,1
3117,84695,1
3117,4017,1
3117,217,1
3117,1621,1
11494412,4976,1
11494412,3163,1
11494412,9669,1
445354,10901,1
445354,5959,1
445354,220,1
445354,112724,1
445354,145226,1
445354,9227,1
445354,9249,1
445354,54884,1
445354,51109,1
445354,57665,1
445354,50700,1
445354,347,1
445354,5730,1
637542,22949,1
5753,6462,1
5753,4306,1
5753,8648,1
24180714,54363,1
135398619,7879,1
135398619,7052,1
135398619,3265,1
135398619,387,1
135398619,7053,1
135398619,9367,1
135398619,5911,1
135398619,122622,1
135398619,378,1
135398619,2762,1
135398619,4831,1
135398619,26225,1
135398619,375,1
135398619,2779,1
135398619,382,1
135398619,1938,1
135398619,2935,1
135398619,51762,1
135398619,2770,1
135398619,1915,1
135398619,5868,1
135398619,400,1
135398619,7284,1
135398619,8766,1
135398619,5901,1
135398619,5898,1
135398619,6009,1
135398619,221079,1
135398619,51128,1
135398619,56269,1
135398619,1968,1
135398619,403,1
87642,80218,1
87642,1384,1
87642,3156,1
87642,39,1
87642,8850,1
87642,1431,1
87642,1622,1
87642,10524,1
87642,2648,1
135398633,2746,1
135398633,3265,1
135398633,5911,1
135398633,122622,1
135398633,375,1
135398633,5868,1
135398633,54963,1
135398633,6009,1
135398633,390,1
439153,3294,1
439153,23530,1
439153,275,1
439153,3419,1
439153,4731,1
439153,1717,1
439153,4728,1
439153,50814,1
439153,3283,1
439153,3284,1
439153,10157,1
439153,4705,1
439153,4725,1
439153,4726,1
439153,6307,1
439153,5162,1
439153,92483,1
439153,11112,1
439153,3291,1
439153,217,1
439153,4729,1
439153,4200,1
439153,3948,1
439153,1727,1
439153,26227,1
439153,4967,1
439153,4697,1
439153,4718,1
439153,622,1
439153,2746,1
439153,51478,1
439153,4722,1
439153,222,1
439153,3292,1
439153,4537,1
439153,2819,1
439153,4700,1
439153,4694,1
439153,4329,1
439153,4711,1
439153,8659,1
439153,4716,1
439153,3030,1
439153,10797,1
439153,4539,1
439153,4709,1
439153,223,1
439153,4710,1
439153,160287,1
439153,4704,1
439153,374291,1
439153,4717,1
439153,3028,1
439153,56901,1
439153,10873,1
439153,3293,1
439153,4707,1
439153,1586,1
439153,4541,1
439153,9563,1
439153,127,1
439153,4702,1
439153,4712,1
439153,3033,1
439153,4701,1
439153,3295,1
439153,1579,1
439153,4708,1
439153,1109,1
439153,221,1
439153,126,1
439153,4698,1
439153,219,1
439153,4723,1
439153,4719,1
439153,4724,1
439153,4713,1
439153,51079,1
439153,5860,1
439153,126328,1
439153,2597,1
439153,4706,1
439153,4695,1
439153,4538,1
439153,3248,1
439153,3420,1
439153,1036,1
439153,5959,1
439153,5160,1
439153,3156,1
439153,7923,1
439153,4540,1
439153,220,1
439153,1962,1
439153,4190,1
439153,645,1
439153,4715,1
439153,224,1
439153,4199,1
439153,5161,1
439153,4522,1
439153,7358,1
439153,2936,1
439153,4536,1
439153,7264,1
439153,4714,1
439153,4696,1
439153,218,1
439153,4720,1
439153,3162,1
439153,1738,1
439153,644,1
439153,55967,1
439153,35,1
439153,3421,1
439153,4191,1
5885,4842,1
5885,3292,1
5885,3156,1
5885,7923,1
5885,4190,1
5885,645,1
5885,4199,1
5885,4522,1
5885,51181,1
5885,6697,1
5885,1429,1
5885,5447,1
5885,79154,1
5885,1666,1
5885,22949,1
5885,728635,1
5885,2232,1
9913,3419,1
9913,4967,1
9913,2597,1
9913,4191,1
135444742,275,1
135444742,10797,1
135444742,6472,1
135444742,6470,1
135444742,4522,1
135444742,10841,1
135444742,10840,1
135444742,123263,1
643975,4842,1
643975,1727,1
643975,4704,1
643975,3712,1
643975,27034,1
643975,2936,1
643975,1738,1
643975,35,1
643975,9131,1
643975,1728,1
643975,34,1
643975,2639,1
643975,5447,1
643975,1610,1
643975,2232,1
643975,51706,1
643975,259307,1
643975,56605,1
643975,2671,1
643976,4842,1
643976,55312,1
643976,645,1
643976,5447,1
643976,60490,1
643976,51179,1
667490,3251,1
667490,5471,1
7339,353,1
7339,54963,1
4746,3757,1
4746,1376,1
4746,1374,1
10917,123096,1
10917,6584,1
10917,1376,1
10917,54677,1
10917,1374,1
10917,1384,1
10917,788,1
10917,6583,1
24139,5973,1
24139,2683,1
24139,4669,1
24139,8702,1
24139,55577,1
24139,51172,1
311,4191,1
311,6037,1
311,1360,1
311,59338,1
311,6035,1
311,11157,1
311,3704,1
311,1431,1
311,58190,1
311,259307,1
311,9146,1
444972,2184,1
17754080,1431,1
44,10873,1
19001,4482,1
19001,3156,1
19001,2954,1
19001,8312,1
19001,54822,1
4091,2110,1
4091,4706,1
4091,4694,1
4091,4724,1
4091,4711,1
4091,4709,1
4091,4717,1
4091,4695,1
4091,374291,1
4091,4720,1
4091,4707,1
4091,4712,1
4091,4696,1
4091,4710,1
4091,4714,1
4091,4708,1
4091,4701,1
4091,4716,1
4091,4536,1
4091,4539,1
4091,4538,1
4091,4540,1
4091,4541,1
4091,4713,1
4091,4719,1
4091,2820,1
4091,4723,1
4091,4702,1
4091,4700,1
4091,4698,1
4091,4704,1
4091,126328,1
4091,91942,1
4091,25915,1
4091,56901,1
4091,54539,1
4091,29078,1
4091,51079,1
4091,55967,1
4091,51103,1
4091,4715,1
3406,126,1
3406,847,1
77022,126,1
3862,6470,1
3862,6347,1
6030,3669,1
6030,11157,1
6030,360203,1
6030,54963,1
4478249,435,1
4478249,5860,1
4478249,2950,1
4478249,26013,1
4478249,653509,1
4478249,56269,1
4478249,403,1
4478249,9588,1
451448,5167,1
2513,4846,1
2513,2779,1
135449517,6697,1
135449517,5805,1
13017,126,1
493570,55312,1
493570,645,1
10918,1384,1
5961,5471,1
5961,1503,1
5961,2752,1
92153,35,1
92153,1892,1
753,2954,1
753,9061,1
753,375,1
753,5047,1
753,51477,1
753,4668,1
6409,3265,1
447048,1938,1
447048,23410,1
1701,526,1
15978579,3162,1
5280353,3162,1
165390,27034,1
5281078,5805,1
61635,526,1
2146,7078,1
12374,2908,1
12374,3265,1
3260017,6697,1
3260017,1431,1
1174,54963,1
445463,7053,1
984,1622,1
1198,50,1
135398675,7053,1
135398675,382,1
135398675,8766,1
445344,34,1
445344,1632,1
445344,1892,1
158385,10587,1
447102,9061,1
135398578,2762,1
156126,84680,1
156126,259307,1
46937058,22949,1
10442,375,1
175468,5047,1
292661,728635,1
440046,1610,1
227,259307,1
6029,11157,1
449575,1431,1
135403657,51762,1
448372,51477,1
449118,1892,1
16842,4905,1
16842,56605,1
10909908,5868,1
46936905,58190,1
104850,1268,1
104850,1269,1
104850,1559,1
104850,9290,1
5311424,6865,1
5311424,6870,1
1547484,59340,1
1547484,8911,1
1547484,775,1
1547484,3269,1
1547484,8913,1
1547484,1813,1
1547484,8912,1
1547484,779,1
1547484,778,1
1547484,776,1
1547484,1812,1
1547484,1816,1
1547484,1128,1
1547484,1129,1
1547484,1131,1
1547484,1132,1
1547484,1133,1
77918,25797,1
77918,1584,1
77918,6916,1
77918,1585,1
456201,1591,1
456201,1594,1
456201,1576,1
456201,1584,1
456201,1586,1
456201,1585,1
456201,1595,1
456201,1565,1
456201,8529,1
456201,1577,1
456201,3757,1
456201,367,1
456201,8856,1
456201,1589,1
6013,367,1
6013,775,1
6013,6462,1
6013,2099,1
6013,4306,1
2099,3359,1
2099,1576,1
5702546,7442,1
16078,2841,1
16078,1814,1
47576,1586,1
47576,1576,1
47576,1584,1
47576,1595,1
60663,3757,1
60663,1576,1
60663,8913,1
60663,775,1
60663,8911,1
60663,1565,1
60663,8912,1
60663,782,1
60663,783,1
60663,779,1
60663,785,1
60663,778,1
60663,784,1
60663,776,1
2351,3757,1
2351,1557,1
2351,773,1
2351,801,1
2351,8912,1
2351,7134,1
2351,9254,1
2351,5153,1
2351,5136,1
2351,785,1
2351,8913,1
2351,10368,1
2351,778,1
2351,784,1
2351,781,1
2351,59284,1
2351,774,1
2351,776,1
2351,782,1
2351,786,1
2351,783,1
2351,779,1
2351,775,1
2351,777,1
2351,93589,1
2351,55799,1
2351,59283,1
2351,59285,1
2351,8911,1
2351,27092,1
2351,27091,1
2351,10369,1
9832383,6869,1
9917021,1576,1
54676038,1559,1
54676038,1728,1
54676038,1429,1
39186,1576,1
39186,779,1
39186,775,1
39186,786,1
39186,778,1
39186,776,1
2333,116085,1
2333,4363,1
2333,1557,1
11790,1543,1
11790,1544,1
11790,1545,1
5833,367,1
5833,4306,1
5833,2908,1
5833,5241,1
5833,6462,1
5833,8856,1
5833,1585,1
5833,6715,1
5833,6716,1
5833,79644,1
5833,786,1
5833,10369,1
5833,10368,1
5833,27092,1
5833,27091,1
5833,59285,1
5833,59284,1
5833,59283,1
5833,781,1
5833,9254,1
5833,55799,1
5833,93589,1
5833,775,1
5833,776,1
5833,778,1
5833,779,1
5833,782,1
5833,783,1
5833,784,1
5833,785,1
5833,774,1
5833,773,1
5833,777,1
5833,8913,1
5833,8912,1
5833,8911,1
2812,775,1
2812,3783,1
2812,1565,1
2812,1595,1
2812,6916,1
2812,1558,1
2812,1582,1
2812,338442,1
2812,8856,1
132971,1589,1
6914657,10135,1
8378,7852,1
2378,1595,1
2378,1555,1
4174,1585,1
12560,2862,1
12560,3757,1
2520,3757,1
2520,775,1
2520,5243,1
2520,9429,1
2520,773,1
2520,8913,1
2520,148,1
2520,147,1
2520,146,1
2520,6532,1
2520,8912,1
2520,774,1
2520,778,1
2520,776,1
2520,8911,1
44139752,1585,1
9821217,1565,1
5281040,1558,1
392622,55244,1
392622,1577,1
392622,8856,1
2157,3757,1
2157,10682,1
2157,8911,1
2157,153,1
2157,154,1
2157,155,1
2157,81033,1
2157,90134,1
2157,776,1
2157,778,1
2157,782,1
2157,783,1
2157,784,1
2157,785,1
2157,133522,1
2157,150,1
2157,148,1
55283,1595,1
4474,1557,1
4474,1131,1
4474,1128,1
4474,1133,1
4474,1132,1
4474,801,1
4474,148,1
4474,1129,1
4474,147,1
4474,781,1
4474,146,1
4474,783,1
4474,776,1
4474,5153,1
4474,5136,1
4474,778,1
3784,781,1
3784,8912,1
3784,783,1
3784,776,1
3784,9254,1
3784,778,1
4485,801,1
4485,8856,1
4485,783,1
4485,776,1
4485,8912,1
4485,8911,1
4485,778,1
4499,781,1
4499,783,1
4499,776,1
4499,778,1
4497,8856,1
4497,782,1
4497,4306,1
4497,783,1
4497,785,1
4497,778,1
4497,784,1
4497,776,1
4497,196,1
4189,1573,1
4189,1595,1
4189,4843,1
4189,4846,1
4189,8856,1
4189,3779,1
4189,10242,1
4189,27094,1
4189,27345,1
4189,3780,1
4189,3781,1
4189,3782,1
4189,3768,1
4189,3770,1
4189,3759,1
4189,3761,1
4189,776,1
4189,778,1
4189,782,1
4189,783,1
4189,784,1
4189,785,1
3198,1595,1
3198,1582,1
3198,8856,1
65015,7852,1
2165,1573,1
941361,801,1
941361,3269,1
941361,8912,1
3034034,2815,1
3002977,1234,1
644019,1555,1
644019,1577,1
644019,134,1
644019,38,1
644019,3350,1
644019,3359,1
644019,3356,1
644019,3156,1
644019,2936,1
644019,2876,1
644019,8912,1
644019,1545,1
644019,8989,1
644019,79054,1
644019,847,1
644019,2841,1
644019,6647,1
644019,7416,1
644019,162514,1
644019,1551,1
644019,2743,1
644019,9290,1
644019,2835,1
644019,27163,1
644019,51393,1
644019,59341,1
6451164,3757,1
6451164,8856,1
5339,5243,1
5339,38,1
5486971,781,1
5486971,9254,1
93147,3350,1
93147,8989,1
93147,79054,1
93147,9290,1
93147,51393,1
32798,1577,1
32798,301,1
32798,4306,1
32798,2908,1
60753,3757,1
60753,782,1
60753,81033,1
60753,786,1
60753,90134,1
26248,27163,1
26248,1571,1
26248,64816,1
26248,1551,1
4494,8856,1
4494,783,1
4494,776,1
4494,55799,1
66414,6462,1
66414,1545,1
12229396,1555,1
5472,1555,1
3446,134,1
3446,9254,1
3446,774,1
208898,3757,1
208898,153,1
208898,150,1
208898,782,1
208898,152,1
208898,148,1
208898,151,1
208898,147,1
208898,146,1
208898,783,1
208898,785,1
208898,778,1
208898,784,1
208898,776,1
208898,3768,1
208898,3770,1
208898,3759,1
208898,3761,1
208898,348980,1
208898,57657,1
208898,610,1
208898,10021,1
11601669,8989,1
11601669,51393,1
25151504,1551,1
25151504,64816,1
13308,367,1
2162,782,1
2162,6609,1
2162,774,1
2162,55799,1
2162,778,1
2162,776,1
9822750,4843,1
9822750,4846,1
9822750,776,1
4567,3455,1
44148067,38,1
44148067,3350,1
44148067,3356,1
44148067,3156,1
44148067,2936,1
44148067,2876,1
44148067,1545,1
44148067,1429,1
44148067,79054,1
44148067,847,1
44148067,6647,1
44148067,7416,1
44148067,162514,1
44148067,1551,1
44148067,2743,1
44148067,9290,1
44148067,2835,1
44148067,51393,1
44148067,59341,1
5573,1131,1
5573,1128,1
5573,1132,1
5573,1129,1
5573,3779,1
5573,10242,1
5573,27094,1
5573,27345,1
5573,3780,1
5573,3781,1
5573,3782,1
5573,776,1
5573,778,1
5573,782,1
5573,783,1
5573,784,1
5573,785,1
5573,773,1
3333,801,1
3333,4306,1
3333,7134,1
3333,783,1
3333,776,1
3333,5153,1
3333,5136,1
3333,7125,1
3333,778,1
5681,801,1
5681,7137,1
5681,7134,1
4507,783,1
4507,776,1
153994,778,1
153994,776,1
3033825,5139,1
3033825,7134,1
1254,79054,1
1254,162514,1
1254,776,1
1254,778,1
1254,783,1
1254,784,1
1254,785,1
5280793,7421,1
5280793,10369,1
5280793,10368,1
5280793,27092,1
5280793,27091,1
5280793,59285,1
5280793,59284,1
5280793,59283,1
5280793,55799,1
5280793,93589,1
5280793,776,1
5280793,778,1
5280793,783,1
5280793,784,1
5280793,785,1
5280793,774,1
5280793,777,1
5284583,9900,1
5284583,774,1
9942725,774,1
2537,79054,1
2537,162514,1
444294,79054,1
444294,162514,1
16682987,7416,1
16682987,7417,1
16682987,7419,1
2482,10369,1
2482,10368,1
2482,27092,1
2482,27091,1
2482,59285,1
2482,59284,1
2482,59283,1
2482,55799,1
2482,93589,1
2482,776,1
2482,778,1
2482,783,1
2482,784,1
2482,785,1
2482,774,1
2482,777,1
2482,3766,1
2482,3768,1
2482,3770,1
2482,3772,1
2482,59341,1
135398570,5138,1
135398570,5573,1
135398570,610,1
656668,776,1
656668,778,1
656668,783,1
656668,784,1
656668,785,1
5282138,776,1
5282138,778,1
5282138,783,1
5282138,784,1
5282138,785,1
6858240,5573,1
6076,5577,1
6076,610,1
10177,196,1
132999,348980,1
132999,57657,1
132999,10021,1
71306834,3454,1
3559,1813,1
3559,3358,1
3559,148,1
3559,3351,1
3559,1815,1
3559,6532,1
3559,3269,1
3559,6863,1
3559,3363,1
3559,3357,1
3559,10280,1
3559,3352,1
3559,3005,1
3559,3757,1
3559,1814,1
3559,3356,1
3559,1812,1
3559,1816,1
3559,10682,1
3559,27346,1
3559,1131,1
3559,6571,1
3559,150,1
3559,3350,1
3559,152,1
3559,151,1
3559,3362,1
3559,2847,1
774,59340,1
774,11255,1
774,3269,1
774,3274,1
774,6571,1
3396,153,1
3396,1815,1
3396,3269,1
3396,6863,1
3396,3357,1
3396,3356,1
2783,153,1
2783,155,1
2083,153,1
2083,155,1
3386,3358,1
3386,1131,1
3386,3757,1
3386,150,1
3386,3356,1
3386,1163,1
4011,3269,1
4011,1812,1
4011,1816,1
4011,1814,1
4011,1131,1
4011,1128,1
4011,1133,1
4011,1132,1
4011,3356,1
4011,3358,1
4011,1129,1
4011,3363,1
4011,148,1
4011,147,1
4011,146,1
4011,150,1
4011,151,1
4011,152,1
2995,3269,1
2995,3358,1
2995,148,1
2995,1131,1
2995,1133,1
2995,1128,1
2995,153,1
2995,3350,1
2995,1132,1
2995,3356,1
2995,1129,1
2995,6609,1
2995,147,1
2995,146,1
2995,150,1
2995,151,1
2995,152,1
2119,155,1
2119,153,1
2119,3350,1
4883,153,1
4946,3351,1
4946,153,1
4946,155,1
4946,3350,1
5202,3351,1
5202,3354,1
5202,3352,1
5202,3357,1
5202,3355,1
5202,3363,1
5202,3362,1
5202,3358,1
5202,3359,1
5202,3350,1
5202,3356,1
5202,3360,1
5202,3361,1
5202,6571,1
5202,9177,1
1355,3352,1
1355,3358,1
1355,3357,1
1355,148,1
1355,3359,1
1355,3356,1
4636,3354,1
4636,148,1
4636,3357,1
4636,3358,1
4636,3352,1
4636,150,1
4636,11188,1
4636,152,1
4636,151,1
4636,147,1
4636,146,1
5358,3352,1
5358,3355,1
5358,3363,1
5358,3359,1
5358,3358,1
5358,3350,1
8969,3352,1
8969,3357,1
8969,3355,1
8969,148,1
8969,3358,1
8969,146,1
8969,150,1
8969,151,1
8969,152,1
8969,147,1
8969,3350,1
8969,3356,1
8969,1814,1
2381,1131,1
2381,1133,1
2381,1132,1
2381,1129,1
2381,1128,1
2726,1133,1
2726,3358,1
2726,148,1
2726,3269,1
2726,1815,1
2726,3362,1
2726,3363,1
2726,316,1
2726,1812,1
2726,1132,1
2726,1814,1
2726,3357,1
2726,1128,1
2726,3356,1
2726,1816,1
2726,3757,1
2726,3350,1
2726,801,1
2726,147,1
2726,6609,1
2726,146,1
2726,150,1
2726,151,1
2726,152,1
2726,5004,1
3100,1133,1
3100,3269,1
3100,1129,1
3964,1133,1
3964,3358,1
3964,148,1
3964,3269,1
3964,1815,1
3964,3362,1
3964,3363,1
3964,3356,1
3964,1812,1
3964,1128,1
3964,3274,1
3964,1816,1
3964,153,1
3964,150,1
3964,3350,1
3964,3359,1
3964,152,1
3964,1132,1
3964,3354,1
3964,1129,1
3964,151,1
3964,147,1
3964,1814,1
3964,3352,1
3964,3361,1
4078,1133,1
4078,3358,1
4078,148,1
4078,3269,1
4078,3362,1
4078,1815,1
4078,3356,1
4848,1133,1
4848,1132,1
4848,1128,1
4848,1129,1
4919,1133,1
4919,1128,1
4919,1132,1
4919,1129,1
5452,1133,1
5452,3358,1
5452,148,1
5452,3269,1
5452,1815,1
5452,3757,1
5452,3362,1
5452,3363,1
5452,3356,1
5452,1812,1
5452,147,1
5452,1814,1
5572,1133,1
5572,1128,1
5572,1132,1
5572,1129,1
5736,1133,1
5736,3352,1
5736,3354,1
5736,1815,1
5736,3269,1
5736,6863,1
5736,3358,1
5736,148,1
5736,3356,1
5736,3363,1
5736,3362,1
5736,1812,1
5736,1816,1
1832,3355,1
1832,3362,1
1832,3352,1
1832,3358,1
1832,3357,1
1832,3350,1
1832,3356,1
8223,3355,1
8223,3357,1
8223,3358,1
8223,3352,1
8223,3361,1
8223,150,1
8223,3350,1
8223,152,1
8223,3356,1
8223,148,1
8223,147,1
8223,146,1
8223,1812,1
8223,1816,1
8223,151,1
8226,3355,1
8226,3357,1
8226,1812,1
9681,3352,1
9681,3358,1
9681,3357,1
9681,3355,1
9681,3363,1
9681,3362,1
9681,3356,1
9681,3350,1
2159,3357,1
2159,3363,1
2159,1814,1
2159,3356,1
6005,1815,1
6005,3357,1
6005,3358,1
6005,146,1
6005,1812,1
6005,1814,1
6005,3350,1
6005,1816,1
6005,3356,1
6005,150,1
6005,152,1
6005,151,1
3151,3757,1
3151,1814,1
681,1815,1
681,134864,1
681,1814,1
681,1812,1
681,1816,1
681,6571,1
681,3350,1
681,3359,1
681,3363,1
681,9177,1
681,153,1
47811,1815,1
47811,3357,1
47811,3358,1
47811,146,1
47811,1814,1
47811,3350,1
47811,3757,1
47811,3356,1
47811,1812,1
47811,1816,1
47811,148,1
47811,147,1
47811,150,1
47811,151,1
47811,152,1
16362,3358,1
16362,148,1
16362,3269,1
16362,3757,1
16362,3362,1
16362,3363,1
16362,1815,1
16362,801,1
16362,1814,1
16362,1812,1
16362,1816,1
16362,3356,1
62867,1812,1
62867,3350,1
62867,3356,1
4917,3358,1
4917,148,1
4917,3269,1
4917,1815,1
4917,147,1
4917,146,1
4917,150,1
4917,151,1
4917,152,1
4917,1814,1
54477,1815,1
54477,10280,1
54477,3356,1
54477,1814,1
9429,1812,1
9429,3350,1
9429,3356,1
9429,148,1
9429,147,1
28693,3355,1
28693,3363,1
28693,3362,1
28693,3358,1
28693,3357,1
28693,3350,1
31101,1815,1
31101,3362,1
31101,3357,1
31101,3358,1
31101,148,1
31101,146,1
31101,153,1
31101,1814,1
31101,3350,1
31101,3356,1
31101,1812,1
31101,1816,1
31101,150,1
31101,152,1
31101,151,1
31101,147,1
31101,3363,1
3033769,1815,1
3033769,1814,1
24199,1128,1
24199,1132,1
24199,1129,1
3372,148,1
3372,3269,1
3372,3362,1
3372,1815,1
3372,3363,1
3372,1812,1
3372,1814,1
3372,1816,1
3372,367,1
3372,801,1
3372,3356,1
3372,146,1
4748,148,1
4748,3269,1
4748,1815,1
4748,3362,1
4748,3363,1
4748,316,1
4748,1812,1
4748,801,1
4926,148,1
4926,3269,1
4926,1128,1
4926,3356,1
4926,1815,1
4926,1814,1
941651,148,1
941651,3269,1
941651,3362,1
941651,1815,1
941651,1812,1
941651,3356,1
5566,148,1
5566,3269,1
5566,1815,1
5566,3362,1
5566,3363,1
5566,10682,1
5566,84650,1
5566,801,1
5566,50632,1
5566,6275,1
5566,3356,1
5566,1814,1
5775,146,1
5775,11188,1
5775,151,1
5775,147,1
5775,152,1
5775,150,1
23897,1815,1
23897,3363,1
23897,1128,1
23897,3350,1
23897,3356,1
2160,3362,1
2160,1814,1
2160,1812,1
2160,1816,1
2160,3274,1
2160,10280,1
2160,150,1
2160,3350,1
2160,3356,1
2160,147,1
2160,3363,1
2160,146,1
2160,1128,1
2160,1129,1
2160,1132,1
2160,3757,1
2160,81033,1
2160,90134,1
3696,3362,1
3696,3363,1
3696,3356,1
3696,6582,1
3696,3757,1
3696,1128,1
3696,3350,1
3696,1132,1
3696,1129,1
3696,147,1
3696,146,1
3696,1812,1
3696,1816,1
4543,3362,1
4543,3350,1
4543,3356,1
4543,147,1
4543,146,1
4543,150,1
4543,151,1
4543,152,1
4543,153,1
4543,155,1
4543,1128,1
4543,1129,1
4543,1132,1
4543,10280,1
5584,150,1
5584,3350,1
5584,3359,1
5584,3356,1
5584,151,1
5584,147,1
5584,153,1
5584,155,1
5584,1812,1
5584,1816,1
5584,1128,1
5584,1129,1
5584,1132,1
5584,146,1
4893,146,1
4893,147,1
4893,151,1
4893,152,1
4893,3757,1
4893,150,1
5568,1812,1
5568,1128,1
5568,3357,1
5568,1129,1
115237,1815,1
115237,6863,1
115237,3757,1
115237,3356,1
115237,1812,1
115237,150,1
115237,3350,1
115237,152,1
115237,151,1
115237,147,1
115237,1814,1
115237,3363,1
5073,1815,1
5073,3357,1
5073,6863,1
5073,3363,1
5073,3757,1
5073,3005,1
5073,151,1
5073,3356,1
5073,1814,1
5073,150,1
5073,3350,1
5073,147,1
5073,1812,1
5073,152,1
5073,1816,1
5073,3362,1
5073,3361,1
3822,3355,1
3822,3363,1
3822,3356,1
3822,6571,1
5074,3363,1
5074,3362,1
5074,3356,1
5401,146,1
5401,147,1
5401,151,1
5401,3757,1
5401,81033,1
5401,90134,1
5401,7040,1
40589,3356,1
40589,147,1
40589,146,1
40589,150,1
40589,151,1
40589,152,1
40589,1128,1
40589,1129,1
40589,1132,1
4449,3757,1
4449,150,1
4449,3350,1
4449,3356,1
4449,147,1
5533,3350,1
5533,3356,1
5533,150,1
6834,3757,1
6834,1128,1
6834,1132,1
6834,1129,1
4828,153,1
4828,155,1
4828,3350,1
2913,3363,1
2913,3362,1
2913,1128,1
2913,3356,1
2913,1129,1
2913,1132,1
43815,3356,1
43815,3350,1
43815,3359,1
43815,9177,1
43815,170572,1
43815,200909,1
43815,285242,1
43815,3360,1
43815,3362,1
43815,147,1
43815,146,1
43815,150,1
43815,151,1
43815,152,1
43815,155,1
43815,1812,1
43815,1816,1
43815,1128,1
43815,1129,1
43815,1132,1
3007,6571,1
3007,9607,1
3007,134864,1
3007,155,1
3007,147,1
3007,146,1
3007,150,1
3007,151,1
3007,152,1
444,3359,1
3455,3757,1
3455,10280,1
4020,6571,1
4528,6571,1
60835,4886,1
2170,3350,1
2170,3356,1
2170,1812,1
2170,1128,1
2170,150,1
2170,3359,1
2170,1814,1
2170,147,1
2170,146,1
2170,151,1
2170,152,1
2170,1129,1
2170,1132,1
2170,1816,1
6089,3356,1
6089,10280,1
5002,6863,1
5002,3005,1
5002,3350,1
5002,1128,1
5002,3356,1
5002,1132,1
5002,152,1
5002,1814,1
5002,147,1
5002,151,1
5002,1812,1
5002,1816,1
5002,150,1
5002,3359,1
5002,1129,1
5002,146,1
187,8484,1
187,1129,1
187,1132,1
187,1128,1
4830,6863,1
4830,1812,1
4830,150,1
4830,3356,1
4830,1814,1
4830,147,1
4830,146,1
60149,6863,1
60149,3757,1
60149,3356,1
60149,147,1
60149,146,1
60854,6863,1
60854,3757,1
60854,3005,1
60854,3356,1
60854,3350,1
60854,1814,1
60854,1812,1
60854,1128,1
60854,1816,1
60854,150,1
60854,152,1
60854,1132,1
60854,1129,1
60854,151,1
60854,147,1
60854,3361,1
60854,3359,1
60854,9177,1
60854,170572,1
60854,200909,1
60854,285242,1
2247,3757,1
2247,27346,1
71360,1812,1
71360,3350,1
71360,152,1
71360,3356,1
71360,1814,1
4850,146,1
4850,1814,1
5095,1814,1
5095,3356,1
5095,147,1
5095,146,1
5095,150,1
5095,151,1
5095,152,1
2477,10280,1
2477,3350,1
2477,1814,1
2477,147,1
2477,146,1
4440,3350,1
2801,3356,1
2801,2950,1
2771,3757,1
114743,5243,1
5324346,3757,1
5656,4886,1
3168,3757,1
3168,3356,1
3168,1814,1
213046,3350,1
213046,3356,1
213046,150,1
213046,152,1
4168,1814,1
4168,3360,1
4168,1128,1
4168,3359,1
5770,6571,1
5770,6570,1
5761,3356,1
5761,3350,1
6604889,3361,1
6604889,3356,1
6604889,3350,1
2803,150,1
2803,152,1
2803,151,1
2803,147,1
444031,3757,1
444031,1129,1
444031,1132,1
444031,1128,1
129211,147,1
3658,3356,1
3658,3757,1
60795,3005,1
60795,3356,1
60795,3350,1
60795,1814,1
60795,147,1
60795,3359,1
60795,1812,1
60795,5243,1
60795,152,1
60795,150,1
60795,151,1
60795,3361,1
60795,1128,1
60795,3274,1
60795,1816,1
60795,1132,1
60795,1129,1
3337,3350,1
3337,3356,1
1615,6571,1
1615,3356,1
2585,155,1
2585,150,1
2585,152,1
2585,151,1
2585,147,1
2585,4879,1
2585,2697,1
2585,3350,1
3343,155,1
5152,155,1
71351,150,1
71351,152,1
71351,3356,1
71351,151,1
71351,147,1
5467,1814,1
5467,3350,1
5467,3356,1
5467,3359,1
5467,9177,1
5467,170572,1
5467,200909,1
5467,285242,1
5467,3360,1
5467,147,1
5467,150,1
5467,151,1
5467,152,1
3157,152,1
3157,147,1
3157,150,1
3157,81033,1
3157,90134,1
2092,147,1
10071196,3356,1
208951,3350,1
11154555,7421,1
11154555,3356,1
11154555,3350,1
11154555,1814,1
119570,1814,1
119570,152,1
119570,150,1
119570,151,1
119570,3350,1
656665,3350,1
5078,3350,1
60857,3350,1
60857,3356,1
59227,1812,1
59227,1816,1
59227,3350,1
59227,151,1
59227,1814,1
33625,151,1
33625,152,1
28864,3350,1
28864,1814,1
28864,3356,1
28864,1812,1
28864,1816,1
28864,150,1
28864,152,1
28864,151,1
9818479,1814,1
9818479,3350,1
4057,1128,1
146570,1128,1
146570,3350,1
146570,3356,1
146570,147,1
146570,150,1
146570,151,1
146570,152,1
5709,150,1
5709,152,1
5709,151,1
5709,147,1
11430856,3350,1
174174,1129,1
174174,1128,1
174174,1132,1
9966051,3350,1
3036780,3274,1
3036780,1812,1
3036780,150,1
3036780,3350,1
3036780,152,1
3036780,3356,1
3036780,151,1
3036780,1814,1
3036780,3361,1
52919,1814,1
52919,3356,1
4158,3350,1
5312125,147,1
125564,3356,1
125564,1814,1
4205,3356,1
4205,3350,1
4205,152,1
4205,150,1
4205,147,1
4205,151,1
5405,1128,1
5405,1132,1
5405,1129,1
4634,1132,1
4634,1129,1
4634,1128,1
11658860,3356,1
11519070,1128,1
11519070,1132,1
11519070,1129,1
5816,150,1
5816,147,1
5816,151,1
5816,152,1
4236,147,1
2267,147,1
2267,3274,1
2267,4056,1
5419,150,1
5419,151,1
5419,152,1
5419,147,1
2895,3356,1
2895,316,1
6047,11168,1
6047,1812,1
6047,1816,1
6047,1814,1
657309,1128,1
657309,1129,1
11434515,1128,1
11434515,1132,1
11434515,1129,1
6917698,3360,1
6917698,3356,1
4595,55244,1
4595,146802,1
4595,6582,1
4595,3360,1
4595,3350,1
3290,1128,1
3290,1129,1
5487427,1128,1
5487427,1132,1
5487427,1129,1
68617,222962,1
9801,801,1
443879,1129,1
443879,1132,1
443879,1128,1
154059,1128,1
154059,1129,1
154059,1132,1
2756,3274,1
3827,3356,1
3869,147,1
3869,150,1
3869,151,1
3869,152,1
4436,152,1
4436,11188,1
4436,150,1
4436,151,1
4436,147,1
3652,59272,1
3652,27346,1
2765,152,1
2765,150,1
2765,11188,1
2765,3350,1
2765,151,1
2765,147,1
2230,1128,1
2230,1132,1
2230,1129,1
439260,152,1
439260,151,1
439260,150,1
439260,6571,1
439260,147,1
439260,5053,1
439260,6570,1
6041,150,1
6041,147,1
6041,152,1
5826,6571,1
5826,147,1
5826,150,1
5826,151,1
5826,152,1
667477,1128,1
667477,3350,1
667477,1132,1
667477,3356,1
667477,1129,1
667477,147,1
135398737,3350,1
135398737,1128,1
135398737,3356,1
135398737,1816,1
135398737,152,1
135398737,1812,1
135398737,3361,1
135398737,1814,1
135398737,1132,1
135398737,150,1
135398737,151,1
135398737,147,1
135398737,1129,1
135398737,50632,1
135398737,2950,1
2435,150,1
2435,152,1
2435,151,1
135398745,1132,1
135398745,152,1
135398745,151,1
135398745,1128,1
135398745,1129,1
135398745,1812,1
135398745,147,1
135398745,1816,1
667467,1816,1
667467,1128,1
667467,1132,1
667467,1129,1
667467,9177,1
667467,170572,1
667467,200909,1
667467,285242,1
667467,3360,1
36811,2099,1
36811,147,1
4184,147,1
4184,1816,1
177336,3360,1
1236,147,1
1236,5243,1
27400,147,1
54746,1816,1
54746,147,1
6337614,9177,1
92974,8856,1
92974,5053,1
4747,367,1
3821,4842,1
1045,4953,1
26175,6570,1
10836,6570,1
7028,4772,1
7028,466,1
7028,1386,1
7028,467,1
7028,468,1
7028,22809,1
7028,22926,1
7028,11016,1
7028,122953,1
7028,2353,1
4768,801,1
38853,1644,1
199,9311,1
54385,23620,1
4771,4852,1
3705,196,1
5205,170572,1
5205,200909,1
5205,285242,1
168871,170572,1
168871,200909,1
168871,285242,1
107715,170572,1
107715,200909,1
107715,285242,1
447682,1457,1
1549000,5243,1
172469,5025,1
172469,22953,1
172469,27306,1
172469,2950,1
5280805,873,1
5957,5024,1
5957,22953,1
5957,3303,1
5957,5029,1
5957,5028,1
5957,19,1
5957,10939,1
5957,8883,1
5957,440,1
5957,107,1
5957,317,1
5957,55902,1
5957,2180,1
5957,445,1
5957,269,1
5957,84532,1
5957,439,1
5957,4363,1
5957,5243,1
5957,1244,1
5957,9619,1
5957,10257,1
5957,5536,1
5957,368,1
5957,1460,1
65304,22953,1
65304,1791,1
15993,22953,1
65562,22953,1
65562,10914,1
91532,22953,1
91532,8566,1
91532,547,1
4911,55867,1
4911,9356,1
4911,9376,1
4911,24145,1
4911,50833,1
969516,2739,1
969516,2950,1
969516,10057,1
5281614,239,1
5281614,1460,1
3220,196,1
5944,196,1
65064,6772,1
65064,5243,1
65064,7015,1
65064,5223,1
65064,5893,1
65064,196,1
5281672,2739,1
5281672,328,1
5281672,1545,1
5281672,1995,1
5281672,1460,1
5281672,51447,1
4912,19,1
47936,107,1
47936,59350,1
47936,8856,1
47936,114,1
47936,2778,1
47936,108,1
47936,111,1
5280453,2638,1
5280453,3206,1
5280343,239,1
5280343,1545,1
5280343,4318,1
5280343,51447,1
5280343,1460,1
5280343,2099,1
5280343,6462,1
5280343,2100,1
5280343,8856,1
5280343,196,1
5280343,498,1
5280343,506,1
5280343,509,1
5280343,133688,1
5280343,26275,1
5280343,7317,1
5280343,60,1
5280343,1051,1
5280343,8665,1
5280343,3306,1
5280343,10856,1
148201,5243,1
119373,5243,1
3397,367,1
3397,13,1
3397,8856,1
3397,196,1
35370,213,1
35370,7015,1
5828196,196,1
135449332,4352,1
5004,5893,1
4212,4363,1
65808,4363,1
667639,498,1
667639,506,1
667639,509,1
2719,2944,1
2719,59272,1
2719,2939,1
9963148,340273,1
5282230,10257,1
1050,8566,1
124886,4318,1
124886,2937,1
124886,2936,1
124886,2944,1
124886,373156,1
124886,2940,1
124886,2947,1
124886,2941,1
124886,2948,1
124886,221357,1
124886,2877,1
124886,2952,1
124886,2880,1
124886,2878,1
124886,2678,1
124886,4056,1
124886,2879,1
124886,2946,1
124886,3029,1
124886,2939,1
124886,4259,1
124886,2938,1
124886,4257,1
124886,2098,1
124886,2745,1
124886,2949,1
124886,257202,1
124886,2882,1
124886,4258,1
124886,119391,1
124886,51022,1
66645351,10057,1
454937,108,1
454937,111,1
5742673,213,1
5742673,55867,1
5742673,9356,1
5742673,9376,1
5742673,10864,1
1549098,7001,1
1549098,10914,1
65359,2946,1
65359,4257,1
65359,2938,1
65359,2939,1
65359,2944,1
65359,2947,1
65359,2948,1
65359,2949,1
65359,2952,1
65359,2953,1
65359,653689,1
5289547,5469,1
10457944,8648,1
11269429,8648,1
5342,8856,1
5342,1244,1
97535,2946,1
444104,2938,1
97536,2938,1
97536,2953,1
165339,39,1
165339,2938,1
165339,718,1
3663,2938,1
5479530,9356,1
5479530,9376,1
445707,2938,1
213040,340273,1
9852519,9376,1
444894,108,1
444894,111,1
5287692,506,1
5287692,509,1
444853,506,1
444853,509,1
5289474,506,1
5289474,509,1
3342298,4317,1
3342298,4318,1
3342298,4322,1
3342298,4316,1
3342298,4319,1
3342298,4314,1
3342298,6868,1
3342298,4312,1
3342298,4313,1
3342298,4323,1
6852147,4316,1
6852147,4313,1
6852147,4314,1
446504,4325,1
446504,4313,1
446504,4314,1
446504,4323,1
446504,4312,1
446504,4321,1
24800833,6868,1
6914621,4316,1
6914621,80332,1
6914621,4314,1
445114,110599583,1
445114,4311,1
445114,1889,1
445114,3792,1
123982,4048,1
5287850,1359,1
443600,64146,1
443600,290,1
132519,9507,1
132519,11096,1
132519,4324,1
132519,56547,1
132519,4321,1
132519,4325,1
132519,8038,1
132519,4316,1
132519,4326,1
132519,4312,1
132519,4323,1
132519,4314,1
132519,4313,1
132519,10863,1
132519,176,1
194777,2208,1
194777,4316,1
194777,4312,1
194777,4314,1
194777,4313,1
119031,4316,1
119031,4312,1
119031,4314,1
119031,4313,1
119031,4321,1
119031,4325,1
119031,4319,1
119031,4320,1
119031,4323,1
119031,4324,1
119031,4326,1
119031,4327,1
119031,9313,1
119031,118856,1
119031,8510,1
119031,10893,1
119031,56547,1
119031,64066,1
119031,79148,1
1836,4313,1
1836,4314,1
128564,4316,1
128564,4313,1
128564,4312,1
128564,4314,1
478379,4312,1
478379,4314,1
478379,4313,1
5289314,4312,1
5289314,4313,1
72172,4048,1
72172,290,1
656629,1636,1
656629,4311,1
5493444,5972,1
5288615,9507,1
5288615,4312,1
5288615,4313,1
24768528,4313,1
11840968,11096,1
11840968,3832,1
11675645,3832,1
6102824,3832,1
6857690,3832,1
10039403,4314,1
10039403,4313,1
6918173,624,1
6918173,290,1
5362422,2208,1
5362422,4312,1
5362422,4323,1
5362422,4313,1
5362422,4314,1
5362422,4321,1
5362422,4325,1
5362422,10863,1
3132,4311,1
44093,4313,1
44093,623,1
448002,4314,1
448002,4313,1
448002,4312,1
448002,4323,1
448002,4321,1
448002,4319,1
448002,9313,1
5287415,4314,1
9933197,4313,1
9933197,4314,1
9933197,4323,1
6102708,4312,1
166558,6646,1
689043,4313,1
689043,4312,1
9543420,4314,1
9543420,4313,1
5462501,623,1
15547703,290,1
15547703,9520,1
107807,6424,1
445715,51056,1
400772,1277,1
150311,29881,1
5362129,623,1
6914633,4846,1
449500,10863,1
4680,5139,1
4680,5140,1
4680,10846,1
4680,5142,1
15991588,10846,1
11955614,10846,1
439693,100,1
3108,5150,1
3108,8654,1
3108,5151,1
3108,58497,1
3108,50940,1
3108,10846,1
3108,5149,1
3108,5004,1
3108,5141,1
3108,1827,1
3108,9154,1
3108,5138,1
3108,5147,1
3108,5152,1
3108,8622,1
3108,5145,1
3108,5148,1
3108,5158,1
3108,5146,1
3108,5136,1
3108,5153,1
3108,5142,1
3108,5143,1
3108,5144,1
3108,5137,1
3108,27115,1
176407,134,1
176407,135,1
176407,136,1
176407,140,1
5311181,5142,1
5311181,5141,1
5311181,5144,1
5311181,5143,1
4197,8654,1
110635,8654,1
110635,50940,1
110635,5149,1
110635,5146,1
2153,5142,1
2153,5141,1
2153,8904,1
2153,81502,1
2153,23420,1
2153,79608,1
2153,26140,1
2153,5143,1
2153,5144,1
5723,5142,1
5723,5144,1
5092,5141,1
5092,5144,1
5092,5143,1
9578243,5144,1
9578243,27115,1
151170,5144,1
151170,5141,1
151170,5143,1
449193,5144,1
449193,5141,1
449193,5143,1
154575,5144,1
154575,5141,1
154575,5143,1
3758,5138,1
3758,5152,1
3758,5148,1
3758,5151,1
5287620,190,1
5287620,9266,1
439456,3710,1
439456,3709,1
439456,3706,1
439456,9266,1
439456,29924,1
439456,5333,1
439456,5962,1
439456,6711,1
9999276,5143,1
107758,3710,1
107758,57664,1
107758,27071,1
107758,3706,1
107758,9266,1
107758,9265,1
5326914,3683,1
44591583,5143,1
135398744,5149,1
135398744,5146,1
135398744,5136,1
135398744,5148,1
11561674,5143,1
54454,3156,1
135400189,5136,1
135400189,5152,1
135400189,5148,1
149790,5138,1
135406506,4907,1
135406506,124583,1
2161,2246,1
2161,6284,1
2161,6283,1
2519,472,1
2519,5153,1
2519,5137,1
2519,8622,1
2519,5145,1
2519,5158,1
4740,5147,1
4740,8622,1
4740,5145,1
4740,5148,1
4740,5158,1
4740,5153,1
4740,5137,1
3354,8622,1
5281071,6284,1
5281071,6271,1
5281071,6283,1
5281071,6273,1
135398631,2766,1
135398631,3094,1
135398631,2987,1
135398631,1742,1
5531,5153,1
5531,5137,1
5531,8622,1
5531,5145,1
5531,5158,1
170018,383,1
170018,5268,1
170018,9266,1
170018,5153,1
170018,8724,1
168120,3094,1
31275,10673,1
31275,29924,1
31275,7043,1
10635,367,1
10635,6462,1
10635,4306,1
10635,2908,1
10635,2099,1
10635,3292,1
6446,2099,1
6446,3291,1
6446,2908,1
5743,4306,1
5743,2908,1
5743,5241,1
5743,4843,1
5743,190,1
5743,301,1
5743,8856,1
56052,2099,1
5757,2852,1
5757,316,1
5757,2101,1
5757,2103,1
5757,2100,1
5757,2099,1
5757,6462,1
5757,8856,1
5757,4508,1
5757,8678,1
67171867,5241,1
2145,1583,1
55245,2908,1
55245,5241,1
55245,2100,1
55245,8856,1
55245,354,1
5994,5241,1
5994,2908,1
5994,6462,1
5994,2099,1
5994,2100,1
5994,5004,1
9880,354,1
5870,3292,1
5870,2100,1
5870,2099,1
5870,6462,1
5035,316,1
5035,2100,1
5035,2099,1
5035,7031,1
5035,5272,1
5991,6817,1
5991,2100,1
5991,6462,1
5991,2099,1
5991,8856,1
15951529,354,1
11159621,338442,1
938,23475,1
938,4837,1
938,8843,1
261000,5241,1
261000,2908,1
261000,10499,1
16122612,2101,1
449459,2104,1
449459,2099,1
449459,6462,1
449459,2100,1
449459,8856,1
449459,7031,1
6623,2100,1
6623,2099,1
7108,27035,1
5280961,2103,1
5280961,2100,1
5280961,2099,1
5280961,6462,1
5280961,8856,1
5280961,8648,1
5280961,10499,1
68873,5241,1
68873,2908,1
57363,6716,1
57363,6715,1
57363,6718,1
6128,3293,1
6128,6462,1
6128,3283,1
448537,2100,1
448537,2099,1
448537,6462,1
448537,8856,1
448537,10499,1
448537,2103,1
10680,2103,1
4991,213,1
636403,3291,1
441300,3106,1
5839,2908,1
5754,6462,1
5754,301,1
5754,2908,1
26133,3283,1
26133,3291,1
26133,301,1
26133,2908,1
2179,5004,1
23642301,2099,1
3038517,2798,1
6102690,2099,1
6102690,8648,1
24776445,6469,1
24776445,6608,1
2361,7025,1
444036,5321,1
8955,8856,1
8955,6820,1
10286462,8648,1
445920,10499,1
6918296,79644,1
3598,6392,1
28417,114814,1
5311505,283383,1
135461982,10499,1
4369550,8648,1
5281004,301,1
11526696,2693,1
656953,8648,1
119205,317749,1
656952,8648,1
6102691,8648,1
5880,6822,1
5880,51170,1
135440536,8648,1
5287551,8648,1
135566322,10499,1
656954,8648,1
25074887,3973,1
236702,4843,1
236702,301,1
9818306,10499,1
9818306,4508,1
9818306,8678,1
222757,10499,1
222757,4508,1
222757,8678,1
9403,10499,1
9403,4508,1
9403,8678,1
165688,10499,1
165688,4508,1
165688,8678,1
13791,10499,1
13791,4508,1
13791,8678,1
68921,301,1
5744,301,1
223253,301,1
441407,301,1
636398,301,1
5282494,301,1
4211,2230,1
4211,1583,1
259331,4130,1
4764,54600,1
9549180,10499,1
15897928,10499,1
6852154,10499,1
6857693,10499,1
6857699,10499,1
42627296,10499,1
23728517,10499,1
11368987,10499,1
11149479,10499,1
11531308,10499,1
24752837,10499,1
1530,10499,1
15942662,10499,1
5281034,4879,1
5311128,3973,1
25077405,114814,1
5289162,10499,1
2266,6718,1
92745,6718,1
92745,8648,1
3032732,10499,1
443958,301,1
6215,302,1
6215,306,1
6215,308,1
6215,307,1
5311101,5321,1
3720,8843,1
65258,1178,1
256737,57727,1
11954369,306,1
66898,2020,1
4362,1178,1
9549223,8204,1
24798097,4842,1
24798097,4846,1
15689,4843,1
15689,4846,1
440005,4846,1
656910,4846,1
656912,4846,1
347590,4846,1
1337,4846,1
1331,4846,1
445319,4846,1
5139,4843,1
5139,4846,1
107984,4843,1
107984,4846,1
11149707,4846,1
24894153,4846,1
25181577,7166,1
25181577,121278,1
1893,4846,1
1649,4846,1
440210,5028,1
440210,203,1
440210,204,1
440210,158067,1
446124,384,1
446124,383,1
1176,1499,1
6322,6545,1
6322,84889,1
6322,6541,1
6322,113451,1
6322,435,1
6322,445,1
9750,5009,1
9750,23564,1
9750,445,1
9750,23569,1
9750,353238,1
9750,29943,1
9750,51702,1
9750,11240,1
795,54205,1
795,10243,1
795,11144,1
795,204,1
795,4643,1
135398687,7054,1
135398687,5053,1
135398687,5092,1
3000479,54205,1
6140,10667,1
6140,2193,1
6140,7054,1
6140,6898,1
6140,5053,1
6140,23428,1
137,210,1
449593,2628,1
5962,6545,1
5962,84889,1
5962,6541,1
5962,6542,1
284,2246,1
284,1487,1
284,10243,1
284,6035,1
284,5816,1
284,98,1
284,87769,1
6099,2977,1
135398654,7054,1
135398654,5053,1
6918562,2247,1
6918562,3082,1
6262,10166,1
6262,6541,1
6262,83884,1
6262,5009,1
6262,2628,1
6262,4946,1
6262,4942,1
6262,6542,1
6057,51067,1
6057,7054,1
6057,6898,1
65098,2628,1
37720,2249,1
37720,2246,1
37720,2247,1
6657,1950,1
440121,54205,1
6726,6783,1
11963622,4881,1
4510,2974,1
4510,2983,1
6883,2974,1
6883,2983,1
5284553,4882,1
444390,3082,1
444390,9955,1
444389,2247,1
444389,3082,1
444389,9955,1
444389,308,1
456468,5741,1
456468,6927,1
159296,6822,1
159296,6783,1
159296,6036,1
159296,9955,1
159296,3340,1
159296,27284,1
159296,6035,1
159296,9957,1
440141,6036,1
440141,6035,1
121494085,1950,1
121494085,2247,1
121494085,2244,1
121494085,2266,1
121494085,5222,1
46936835,308,1
444552,9955,1
444552,308,1
54675776,5621,1
449392,6038,1
449392,6035,1
17754220,4938,1
27661,2977,1
27661,2974,1
27661,2983,1
11304743,2974,1
11304743,2982,1
11304743,2983,1
1005,5184,1
1005,5105,1
1005,2027,1
444746,5836,1
444746,5837,1
171548,64087,1
171548,3141,1
171548,56922,1
171548,5095,1
171548,5096,1
171548,31,1
171548,5091,1
171548,32,1
4908,123228,1
4908,6472,1
4908,3855,1
15991546,5837,1
9860102,5837,1
3675,8639,1
3675,18,1
3675,2875,1
3675,84706,1
286,875,1
286,1491,1
286,189,1
6914573,586,1
439176,4507,1
53276,6472,1
750,64902,1
750,2937,1
750,189,1
750,6470,1
750,211,1
750,23464,1
750,212,1
750,2617,1
750,570,1
750,10249,1
750,219970,1
750,92292,1
750,51268,1
1051,3067,1
1051,51380,1
1051,64902,1
1051,9054,1
1051,10993,1
1051,18,1
1051,883,1
1051,57026,1
1051,189,1
1051,6470,1
1051,2571,1
1051,2806,1
1051,63826,1
1051,8942,1
1051,4953,1
1051,211,1
1051,10558,1
1051,23464,1
1051,2805,1
1051,29968,1
1051,2731,1
1051,9517,1
1051,2875,1
1051,587,1
1051,51166,1
1051,8879,1
1051,212,1
1051,5837,1
1051,5834,1
1051,1644,1
1051,56267,1
1051,339896,1
1051,85007,1
1051,84706,1
1051,55034,1
1051,113675,1
1051,51091,1
1051,55304,1
1051,51540,1
1051,285313,1
6274,3034,1
6274,10991,1
6274,3035,1
1060,5313,1
1060,5315,1
1060,5162,1
1060,64902,1
1060,9120,1
1060,6567,1
1060,9122,1
1060,18,1
1060,23539,1
1060,9121,1
1060,9194,1
1060,9123,1
1060,6566,1
1060,5091,1
529,5315,1
529,2027,1
529,2026,1
5951,6301,1
5951,10993,1
5951,189,1
5951,63826,1
5951,10558,1
5951,9517,1
5862,9054,1
5862,2729,1
5862,2937,1
5862,2806,1
5862,2805,1
5862,1036,1
5862,2730,1
5862,4255,1
5862,79587,1
5950,9054,1
5950,18,1
5950,16,1
5950,189,1
5950,8942,1
5950,6509,1
5950,2875,1
5950,85007,1
5950,84706,1
5950,57505,1
190,32,1
190,4507,1
190,55825,1
5960,443,1
5960,440,1
5960,8604,1
5960,10165,1
5960,2806,1
5960,95,1
5960,2805,1
5960,1615,1
5960,10606,1
5960,159,1
5960,55157,1
5960,80150,1
5960,122622,1
6106,23395,1
6106,51451,1
6106,9836,1
6106,587,1
6106,51520,1
6267,6510,1
6267,4677,1
6267,80150,1
6267,79731,1
6267,81539,1
6267,54407,1
6267,10991,1
6267,55089,1
6287,7407,1
6287,5096,1
1053,587,1
71567,1392,1
135412779,189,1
135412779,4953,1
135412779,5837,1
802,6500,1
445062,4953,1
6306,3376,1
6306,36,1
6306,587,1
6306,55699,1
23690449,358,1
23690449,249,1
135398640,5837,1
135398640,122622,1
6,4255,1
24417,1509,1
24417,4255,1
6119,4852,1
135409347,122622,1
12717,122622,1
151243,670,1
6862,6500,1
439278,2027,1
11581936,3958,1
6134,3958,1
6134,360203,1
6134,2720,1
6133,5030,1
6133,5031,1
6133,7371,1
6031,5031,1
6031,28,1
6031,51727,1
6031,26229,1
6031,2992,1
6031,360203,1
6031,2135,1
8629,2582,1
8629,2992,1
8629,360203,1
17473,2582,1
17473,26229,1
18068,28,1
18068,2582,1
5281915,6389,1
447027,6389,1
447027,28,1
447027,4519,1
447027,7384,1
447027,6392,1
447027,6390,1
447027,6391,1
447027,7385,1
447027,7388,1
447027,27089,1
447027,7386,1
447027,7381,1
447027,29796,1
447027,2110,1
4462,6392,1
4462,6390,1
4462,6391,1
23700,28,1
23700,6675,1
23700,2135,1
6131,7371,1
3016416,7384,1
3016416,7385,1
3016416,7388,1
3016416,27089,1
3016416,7386,1
3016416,10975,1
3016416,7381,1
3016416,29796,1
3034285,7384,1
3034285,7385,1
3034285,7388,1
3034285,27089,1
3034285,7386,1
3034285,10975,1
3034285,7381,1
3034285,29796,1
5288033,7386,1
5288033,7381,1
5288033,29796,1
9547935,7384,1
9547935,7385,1
9547935,7388,1
9547935,27089,1
9547935,7386,1
9547935,10975,1
9547935,7381,1
9547935,29796,1
213032,7384,1
213032,7385,1
213032,7388,1
213032,27089,1
213032,7386,1
213032,10975,1
213032,7381,1
213032,29796,1
5289085,7384,1
5289085,7385,1
5289085,7388,1
5289085,27089,1
5289085,7386,1
5289085,10975,1
5289085,7381,1
5289085,29796,1
130804,7384,1
130804,7385,1
130804,7388,1
130804,27089,1
130804,7386,1
130804,10975,1
130804,7381,1
130804,29796,1
5280346,7384,1
5280346,7385,1
5280346,7388,1
5280346,27089,1
5280346,7386,1
5280346,10975,1
5280346,7381,1
5280346,29796,1
445675,4245,1
445675,2135,1
6175,7371,1
6323266,1890,1
9853654,887,1
638678,7201,1
449123,1118,1
446386,4836,1
71587953,6550,1
25267009,978,1
657098,2885,1
1949,4047,1
10343454,10803,1
159325,1071,1
10077130,2149,1
56843331,2740,1
122077,886,1
115355,3242,1
71481097,7514,1
65249,2162,1
5494411,6303,1
16137828,2692,1
67532,2057,1
157920,1181,1
5959,1604,1
1808,417,1
2777993,3627,1
5287971,58488,1
11668,5473,1
5288499,6352,1
8153,5781,1
449346,55,1
4470566,7132,1
6435415,1800,1
5288371,1725,1
11963944,1528,1
17754131,5660,1
145729,1854,1
5287438,8722,1
49867502,5306,1
5288101,56953,1
68271,7389,1
5287610,191,1
5287674,2272,1
128419,8411,1
70807,10578,1
67361,5019,1
145994598,8517,1
65781,124056,1
219100,10495,1
54929,7378,1
448668,7454,1
867,6626,1
712421,7544,1
1082,350,1
135678094,6821,1
163626,114771,1
165879,410,1
17754068,116,1
181976,3155,1
5288145,823,1
456362,928,1
507806,338557,1
148189,8880,1
71587904,825,1
16158208,2984,1
9576891,3297,1
447297,1562,1
24987688,6555,1
17975425,5652,1
5287452,63036,1
11987861,7374,1
11966124,9397,1
78058,27349,1
5287739,51426,1
131704306,3157,1
4369424,58478,1
9839500,826,1
46937118,5650,1
135398698,23205,1
115069,7356,1
33166,392399,1
11481186,3965,1
23586154,4301,1
853608,1387,1
8163,55856,1
439444,3633,1
446947,22934,1
9084,6388,1
82400,5236,1
161647,7372,1
16741116,7093,1
5459361,912,1
21109,30,1
65302,10468,1
225936,7322,1
5288599,7275,1
15227560,7314,1
642324,404203,1
448209,55907,1
3464,1362,1
446814,15,1
121945,3494,1
15991574,10747,1
121396,1373,1
5241,1735,1
92135969,23451,1
4621,2520,1
5199,360,1
10472693,47,1
15604015,56848,1
16132283,2642,1
9831415,8694,1
70683024,1441,1
16129665,6344,1
5487805,2690,1
16139605,9340,1
16133850,5745,1
32281,7253,1
5152,155,0
3062316,8491,0
222528,9971,0
216239,4593,0
2161,5142,0
121892,3784,0
5957,8883,0
60663,776,0
6102824,3832,0
5957,25,0
71226662,2066,0
11282283,2322,0
5328940,818,0
16362,1816,0
3157,3757,0
165339,39,0
82148,4543,0
11712649,1956,0
68165256,3643,0
529,5315,0
156422,640,0
9829523,23683,0
135566322,10499,0
11671467,57172,0
447048,1938,0
2482,779,0
5280805,8644,0
5709,150,0
60795,3357,0
5342,116085,0
9829523,5606,0
644241,4921,0
667477,6532,0
5284513,5947,0
3062316,2043,0
3610,7299,0
5531,5146,0
6005,3351,0
667639,2739,0
126565,5586,0
8969,3356,0
6445562,11184,0
9547900,5468,0
3035817,6850,0
11671467,5582,0
5324346,3757,0
156422,25,0
2812,775,0
3081361,4058,0
5282138,784,0
3826,842,0
5584,3352,0
2157,90134,0
156422,23043,0
440046,1610,0
5329102,4067,0
6005,3358,0
441298,8856,0
10184653,1956,0
53359,10327,0
11282283,5979,0
9933197,4318,0
135423438,2264,0
311,231,0
44259,10298,0
795,54205,0
4474,801,0
1983,5743,0
445154,5468,0
5997,7421,0
11524144,1196,0
5074,3358,0
42627562,5566,0
5991,2100,0
4184,3358,0
135398510,2321,0
5282230,27306,0
2733526,3757,0
4771,6530,0
3108,5136,0
5035,727,0
4091,374291,0
132519,4314,0
5862,2806,0
25151504,1576,0
24995524,6790,0
5920,5111,0
667477,1132,0
3081361,2260,0
10113978,2321,0
3705,148,0
10458325,2045,0
637542,231,0
2812,1586,0
126565,6789,0
9829523,9448,0
25151504,1551,0
444390,2246,0
3372,148,0
24771867,9212,0
44462760,2051,0
444853,509,0
15547703,9520,0
445354,5959,0
107715,153,0
456468,6927,0
4740,5151,0
135398510,57787,0
6013,367,0
5880,6822,0
5287525,7046,0
176870,3611,0
3108,5144,0
3062316,8711,0
6917698,3359,0
6657,1950,0
19001,54822,0
24821094,8013,0
13520,2931,0
3964,3351,0
4748,1815,0
44259,9891,0
10113978,3985,0
146570,150,0
5833,5241,0
5709,3351,0
6267,81539,0
16666708,5605,0
1727,27133,0
2378,1555,0
5723,5142,0
8223,152,0
208898,3768,0
2895,3357,0
6005,3356,0
10184653,2580,0
449459,7031,0
2160,5979,0
5754,301,0
60835,3362,0
5287969,5218,0
2477,1814,0
4184,3357,0
71731823,5747,0
8163,55856,0
44259,2260,0
71496458,833,0
1060,5313,0
11314340,2932,0
6005,3350,0
1701,526,0
82148,4544,0
2519,5145,0
5329102,2444,0
6914621,4317,0
40589,3358,0
11712649,6790,0
5329102,2869,0
5329102,3643,0
5329102,91807,0
5328940,440275,0
44462760,10733,0
5329102,26524,0
9829523,5292,0
3035817,5578,0
2244,1645,0
9933475,780,0
439153,645,0
439153,4701,0
11626560,3716,0
2726,150,0
447700,1432,0
5743,5743,0
132999,57657,0
11494412,4233,0
3696,146,0
2895,6532,0
68841,1080,0
44259,1020,0
4708,2534,0
444746,5836,0
44259,1263,0
3035817,57396,0
3081361,3055,0
65562,5024,0
3035817,5599,0
44259,11113,0
8969,1814,0
9933475,6793,0
126565,8986,0
24826799,9448,0
24821094,3932,0
5202,3360,0
42642645,204851,0
4507,9254,0
9933197,4322,0
5281071,6284,0
3446,3786,0
135398687,5092,0
16722836,440275,0
4911,50833,0
6262,6541,0
124886,2879,0
5833,6462,0
24856436,9088,0
8969,3350,0
92974,154,0
6834,1131,0
439153,3614,0
4764,8856,0
135398744,5136,0
11524144,657,0
33113,2937,0
2726,1816,0
44259,1195,0
636403,3291,0
156414,613,0
1005,5105,0
57379345,8711,0
6852147,4317,0
176407,140,0
5991,2099,0
4497,4306,0
5202,3358,0
4747,1812,0
107715,3350,0
40589,1133,0
126565,9475,0
5452,1133,0
3394,5742,0
5205,285242,0
449241,208,0
5329102,5063,0
9750,11240,0
445354,216,0
213046,1813,0
750,6472,0
1051,56267,0
28864,1814,0
6005,152,0
4189,1588,0
5287610,191,0
6083,132,0
135398631,7053,0
124886,4258,0
11314340,2322,0
5284513,5915,0
107715,146,0
3406,847,0
4494,55799,0
43815,148,0
4091,4714,0
259331,2100,0
3333,775,0
16722836,1147,0
126565,25778,0
107715,3356,0
691952,5569,0
44259,27347,0
445154,5465,0
6322,384,0
3715,93100,0
2153,8654,0
4474,779,0
444853,506,0
16122633,208,0
9429,1813,0
11712649,5156,0
1727,3739,0
47811,146,0
6445562,6793,0
5311309,3767,0
3025986,1020,0
3108,5146,0
5328940,27,0
124886,2941,0
5282138,776,0
135398510,5156,0
11282283,558,0
11671467,7075,0
3397,367,0
11671467,65061,0
5328940,5747,0
2726,3358,0
6106,51451,0
5205,151,0
5885,1429,0
44259,83942,0
444031,1129,0
169535,3690,0
3520,93107,0
24821094,84293,0
43157,1806,0
126565,23235,0
5289314,4312,0
3386,1163,0
11671467,84254,0
667477,1131,0
10286462,2100,0
5833,93589,0
71351,3269,0
5328940,8428,0
9963148,4363,0
9829523,8536,0
4449,3350,0
439153,1738,0
10458325,1950,0
44259,8767,0
3062316,2534,0
5329102,6197,0
60795,148,0
750,64902,0
44259,8550,0
44259,1612,0
11671467,90,0
54746,1814,0
449118,1892,0
9547935,29796,0
5280346,27089,0
1727,3747,0
194777,4317,0
439153,92483,0
44259,25778,0
3033769,1814,0
44259,4486,0
681,1621,0
643976,645,0
3821,1133,0
4078,148,0
2153,5141,0
44259,23387,0
44259,202374,0
44259,83903,0
6445562,440275,0
42611257,369,0
4078,3269,0
10077130,2149,0
11493841,5594,0
126565,5566,0
119031,4313,0
338,93100,0
446947,22934,0
11213558,3791,0
47936,2778,0
42642645,8767,0
5362422,6868,0
44259,50488,0
5885,728635,0
3696,3358,0
43815,285242,0
5327067,5600,0
3035817,11184,0
9966051,3359,0
44259,2872,0
439693,100,0
60854,3357,0
2146,231,0
6005,1815,0
5311181,5142,0
135398737,3359,0
2160,3757,0
4848,1128,0
5280793,59284,0
5287551,2100,0
4740,5143,0
135398619,3265,0
447961,904,0
42611257,8767,0
5280360,5732,0
5329102,5585,0
1548887,57016,0
3339,64386,0
2913,1133,0
4768,146,0
6128,8644,0
49803313,3351,0
4850,1815,0
24889392,25,0
126565,140469,0
3372,1814,0
3081361,2534,0
24864821,5568,0
439153,221,0
5997,26253,0
3062316,7294,0
60854,1129,0
65359,2946,0
445154,55300,0
5287736,157,0
5202,3350,0
60835,6530,0
9403,4508,0
11671467,6197,0
150311,290,0
31101,147,0
71496458,2065,0
9829523,23235,0
2381,1133,0
750,51268,0
72271,5170,0
4011,147,0
92974,151,0
5289474,498,0
4946,3350,0
11671467,7048,0
1400,1445,0
47811,150,0
5073,151,0
9915743,440275,0
3784,781,0
44462760,1021,0
43815,152,0
445114,4311,0
2482,3767,0
3062316,3985,0
39186,786,0
11671467,54101,0
119031,56547,0
8969,3766,0
3869,155,0
54675783,240,0
7028,467,0
176407,136,0
3869,147,0
2267,3757,0
65064,1859,0
5291,27,0
2157,785,0
5479530,9376,0
123879,6915,0
1727,3738,0
15991573,7010,0
135398619,7879,0
445062,4953,0
456201,3757,0
5329102,81788,0
1051,5834,0
3672,5468,0
42642645,79837,0
8223,1813,0
5736,3358,0
10113978,780,0
44205240,6093,0
4091,4705,0
4485,8913,0
6128,6716,0
11314340,5566,0
3372,801,0
2519,5138,0
1727,131096,0
1727,3784,0
126565,4921,0
23690449,249,0
8515,11040,0
60795,1129,0
2477,3357,0
456214,1456,0
667477,1129,0
119031,64386,0
3062316,1432,0
636403,3290,0
17754131,5660,0
11626560,23683,0
4436,146,0
24856436,494551,0
5202,6571,0
10427712,22848,0
444031,153,0
16043304,207,0
124886,2876,0
3822,3356,0
126565,8536,0
3559,1131,0
5329102,50488,0
2244,5594,0
1051,8879,0
5002,150,0
49803313,10733,0
3342298,4313,0
1198,50,0
24856436,3717,0
77999,2182,0
5566,7134,0
33113,2048,0
6914614,5569,0
5327109,5567,0
208898,7067,0
6102812,5467,0
54677470,5743,0
4567,3455,0
126565,11329,0
3464,1362,0
42642645,27,0
11493598,5595,0
91610,6833,0
4184,6530,0
5287969,51086,0
11696113,5566,0
2519,5139,0
5280346,7386,0
56052,2099,0
11671467,558,0
5405,1132,0
135398619,7284,0
5709,152,0
9933197,4317,0
107715,147,0
5960,440,0
5584,3356,0
49803313,5261,0
3869,151,0
2160,10280,0
4740,5142,0
5311424,6865,0
5287969,225689,0
44259,4067,0
2733526,6916,0
11671467,640,0
3035817,51135,0
2160,3274,0
5329102,85443,0
9681,3351,0
4478249,2950,0
5311101,5241,0
44205240,3718,0
60854,6863,0
5202,3362,0
439153,6652,0
8515,9479,0
6131,51727,0
146570,146,0
11671467,5156,0
46220502,5578,0
5281004,4306,0
5564,5468,0
2812,1582,0
11671467,1452,0
5329102,4593,0
5074,3362,0
11671467,6098,0
2381,1132,0
8223,1816,0
151194,1436,0
4488,7276,0
4158,3350,0
3062316,5585,0
11671467,1969,0
3547,5569,0
11671467,8767,0
5757,6462,0
4595,3360,0
135398737,147,0
55245,4306,0
5533,6532,0
44259,6792,0
24826799,9261,0
176870,9748,0
445920,2100,0
9966051,3350,0
2157,8911,0
5284553,4881,0
126565,25865,0
9829523,2321,0
126565,1612,0
5280793,786,0
3488,19,0
44259,57144,0
4184,59340,0
24826799,1436,0
5753,4306,0
5289314,4313,0
5205,3360,0
44093,4048,0
6306,55699,0
135398633,54963,0
445580,5465,0
3007,152,0
3705,147,0
10071196,3356,0
135423438,6714,0
3035817,51422,0
4850,1814,0
5951,6301,0
156414,6793,0
5950,16,0
3220,196,0
16043304,5566,0
168871,3358,0
667477,3357,0
5833,8913,0
11656518,2444,0
5287969,5581,0
3821,1813,0
444390,3082,0
8515,2872,0
3016416,7388,0
456201,1565,0
187,1133,0
124886,2098,0
25181577,7166,0
8223,147,0
5339,6916,0
123982,110599583,0
11671467,1195,0
11671467,8396,0
4636,146,0
9933475,50488,0
2726,3363,0
4911,9376,0
216239,2444,0
284,8573,0
43815,6532,0
28864,3356,0
11213558,673,0
5358,3352,0
5743,4843,0
55245,354,0
445707,2739,0
1727,3754,0
3081361,94,0
11671467,140901,0
5957,1244,0
11671467,7301,0
445354,5950,0
4449,3356,0
6215,306,0
176870,3932,0
26248,1571,0
15227560,7314,0
3705,151,0
1051,8942,0
1051,51380,0
11957417,1263,0
2777993,3627,0
151194,2321,0
5002,3269,0
3821,1131,0
44462760,8711,0
68165256,6098,0
60490,240,0
11671467,2043,0
128564,4316,0
92974,148,0
5280343,26275,0
5291,1654,0
2801,6532,0
5757,2101,0
5281614,239,0
10197702,3612,0
2351,9254,0
44259,8621,0
5282138,775,0
6918296,79644,0
57379345,4067,0
10113978,4296,0
4497,196,0
5288033,7386,0
5205,3354,0
132999,610,0
5281071,6273,0
8969,3352,0
11154555,3357,0
441298,5742,0
4037,5742,0
9933475,5159,0
11671467,6790,0
6047,1812,0
3455,6530,0
11213558,7297,0
11601669,7442,0
44259,2322,0
5287969,11040,0
119570,3350,0
10113978,11213,0
447700,6714,0
1400,1453,0
5073,147,0
3062316,1760,0
44259,1147,0
11671467,341676,0
18068,2582,0
154575,5141,0
5329098,3791,0
49803313,10746,0
3520,26251,0
11712649,9263,0
24889392,4628,0
44259,23043,0
135398570,5573,0
55245,2100,0
3168,3356,0
213040,340273,0
24826799,7525,0
11671467,2064,0
5282138,773,0
5095,1815,0
5280953,83903,0
2244,5571,0
2244,51422,0
5959,1604,0
4189,3782,0
5329103,3791,0
5328940,5871,0
43815,3360,0
5339,240,0
667477,59340,0
5962,84889,0
941651,148,0
667467,1129,0
10113978,2260,0
71351,1813,0
11524144,658,0
447027,7386,0
6914621,6868,0
5328940,11183,0
6858240,5573,0
2765,151,0
3821,1128,0
2170,1133,0
5330286,3718,0
2733526,10682,0
3062316,5603,0
11671467,5298,0
27400,1129,0
439153,5860,0
22419,5743,0
6005,1816,0
11213558,2322,0
439153,4522,0
3038522,4914,0
11524144,5564,0
11483970,5465,0
135398619,400,0
4630909,3757,0
176870,3791,0
206044,5465,0
3559,3362,0
985,5465,0
985,3174,0
4917,1814,0
896,6096,0
11671467,8536,0
10458325,25,0
667467,3359,0
443600,4318,0
5833,785,0
6450551,613,0
3964,151,0
5493444,5972,0
44462760,11035,0
126565,1195,0
44259,5288,0
11790,1588,0
11213558,2045,0
126565,1432,0
125564,1813,0
24864821,1956,0
176167,9263,0
985,2171,0
135565884,51206,0
5328940,1956,0
5281078,3614,0
9915743,51765,0
130804,7386,0
3386,1131,0
11707110,5604,0
11671467,5979,0
135398510,640,0
11314340,1196,0
3035817,6789,0
44259,6098,0
4044,4353,0
2396,5170,0
5329102,2534,0
1051,875,0
24826799,3654,0
123631,5753,0
8515,23604,0
5282379,5916,0
44259,5563,0
3371,1646,0
439153,11112,0
23586154,4301,0
5078,3355,0
44631912,1019,0
44259,7297,0
3036780,153,0
5329102,2322,0
216239,6793,0
3964,3354,0
445154,3678,0
4474,1559,0
667477,3356,0
6445562,4067,0
156414,2580,0
6031,360203,0
4184,3356,0
3157,150,0
5288615,9507,0
24771867,4173,0
5073,150,0
445580,6256,0
1355,3356,0
439153,125,0
151243,4852,0
5002,3350,0
60857,3355,0
5280961,10499,0
1400,3932,0
3343,155,0
54677470,5742,0
24856436,3718,0
10274777,5465,0
24821094,2268,0
44259,1454,0
11338033,1021,0
5573,785,0
261000,367,0
25126798,1612,0
44093,4318,0
5329102,1147,0
445154,196,0
135566322,2099,0
447961,1019,0
6128,3292,0
3198,1586,0
24771867,80724,0
11213558,7535,0
15689,4842,0
5288033,1537,0
44259,156,0
40589,3356,0
24826799,4214,0
135398745,151,0
5591,2182,0
11671467,5584,0
176870,5979,0
44259,166614,0
176870,51086,0
2165,1565,0
44259,6199,0
5770,1813,0
9852519,4352,0
448991,5594,0
8515,1613,0
9915743,2064,0
2803,151,0
3520,3749,0
6262,83884,0
216239,8569,0
123631,4067,0
5164,5594,0
447905,10062,0
11671467,389840,0
44462760,369,0
439153,4967,0
24821094,7294,0
21081761,4233,0
44259,695,0
941361,8913,0
439153,4697,0
6914633,5972,0
60857,3356,0
126565,6198,0
1832,4544,0
8515,5602,0
11167602,2444,0
171548,56922,0
1548953,10682,0
5002,3362,0
16129665,6344,0
60835,6532,0
445154,7276,0
82146,6258,0
5288850,840,0
9933475,4921,0
57363,6718,0
3488,3764,0
60663,783,0
1331,4842,0
129073603,3791,0
4462,6390,0
10427712,27330,0
6262,384,0
168871,3362,0
49803313,25989,0
5287969,10645,0
4748,316,0
5289314,4317,0
194777,4316,0
449241,5567,0
165688,2104,0
9915743,1956,0
4848,1133,0
3964,3363,0
656668,8911,0
445154,4543,0
11671467,4233,0
2351,784,0
126565,5288,0
3478,6833,0
3869,150,0
126565,7048,0
3081361,2049,0
10172943,5566,0
5287620,375,0
4488,5743,0
172469,5025,0
1547484,8911,0
1017,5465,0
13520,2932,0
795,4643,0
9543521,5599,0
5002,1131,0
1355,3351,0
3488,8647,0
5885,5447,0
1236,148,0
4078,1131,0
1547484,776,0
4830,1814,0
3025986,5127,0
4499,775,0
2519,5141,0
135398737,3361,0
3062316,5753,0
135398619,51762,0
135398510,4916,0
135398510,6195,0
135398631,3094,0
896,4835,0
4649,5742,0
24826799,5871,0
11671467,51347,0
208898,151,0
135438608,728635,0
135398510,25,0
5330812,2932,0
11553058,3791,0
160355,902,0
129211,146,0
681,1813,0
66645351,7421,0
2351,55799,0
5280343,509,0
129073603,780,0
65304,22953,0
4211,1583,0
44259,6196,0
11282283,5888,0
4449,148,0
4991,213,0
2913,3363,0
11671467,5871,0
44462760,2041,0
440210,204,0
5687,5979,0
5566,148,0
5280961,2099,0
44259,27330,0
44259,6850,0
44148067,6647,0
444894,108,0
44259,8569,0
446758,5468,0
15978579,3162,0
187,8484,0
445639,5467,0
6215,2908,0
3062316,90,0
146570,148,0
44259,6725,0
126565,51347,0
131704306,3157,0
39042,5468,0
71360,3269,0
5328940,660,0
78058,27349,0
11671467,1436,0
5092,5142,0
135398510,8396,0
5329102,9263,0
3488,6833,0
5584,1812,0
135398510,22848,0
31101,1813,0
6267,80150,0
3672,2811,0
9681,3354,0
126565,7272,0
8969,3358,0
5753,8648,0
33113,2932,0
11671467,9641,0
644241,5156,0
5467,3357,0
4740,5144,0
1051,285313,0
154059,1133,0
54675783,5597,0
5329102,1612,0
62867,3350,0
39186,779,0
9829523,5592,0
126565,285220,0
68841,6317,0
119373,5243,0
135398633,7879,0
10976469,6790,0
3371,8644,0
44148067,59341,0
4543,152,0
135398510,6788,0
439260,152,0
444795,6257,0
2482,773,0
444795,216,0
13791,2100,0
456201,1585,0
15951529,354,0
2119,153,0
2726,5004,0
160355,1454,0
9829523,57787,0
5289085,1537,0
753,5047,0
5281614,1457,0
44148067,1269,0
5573,1131,0
11338033,1198,0
16137828,2692,0
6013,775,0
42642645,28996,0
448949,240,0
2519,5144,0
3108,5141,0
5329102,3702,0
446504,4318,0
9829523,83732,0
456201,1589,0
135412779,5837,0
12106168,5603,0
3675,18,0
43157,7498,0
4946,154,0
9799888,1576,0
5656,6530,0
43815,3352,0
92974,5053,0
158385,10587,0
11167602,5600,0
119570,150,0
135398737,3357,0
42611257,5894,0
448668,7454,0
126565,2011,0
5328940,9475,0
24199,1133,0
71360,3363,0
10109823,5599,0
5757,2100,0
1400,8767,0
44259,4750,0
156414,5979,0
667639,506,0
2157,133522,0
11671467,388228,0
44259,5579,0
2519,3710,0
24826799,2263,0
3610,7052,0
135398633,122622,0
44093,5972,0
5205,3350,0
439153,4712,0
46220502,1019,0
644019,1728,0
107715,200909,0
11671467,65975,0
4189,776,0
135398737,148,0
449593,210,0
9915743,5871,0
11213558,25989,0
11640390,5604,0
5957,94,0
3964,3352,0
3016416,29796,0
449171,5914,0
5736,1131,0
11671467,8737,0
44462760,91,0
11493598,5594,0
9829523,4215,0
9880,354,0
57379345,2261,0
10917,1376,0
216239,4916,0
2585,2697,0
4908,4835,0
445354,8854,0
2170,3350,0
124886,2745,0
2157,7068,0
9576891,3297,0
3025986,5597,0
2244,5562,0
643975,1610,0
121494085,1950,0
439153,4717,0
3715,5732,0
11671467,83942,0
126565,9175,0
5833,55799,0
146570,6530,0
1836,4313,0
44631912,1021,0
11671467,50488,0
5329102,23012,0
644019,3359,0
439153,4722,0
156422,23097,0
3034034,3783,0
24856436,4216,0
156414,11213,0
126565,65975,0
11640390,203054,0
11671467,57787,0
5205,3357,0
146570,3269,0
11712649,7525,0
126565,84446,0
5280343,4233,0
439153,4702,0
126565,91,0
444389,2247,0
4436,152,0
644019,8911,0
44259,83732,0
2160,147,0
44259,83983,0
124886,231,0
3081361,8569,0
10458325,11035,0
44259,91,0
6322,6541,0
5452,148,0
47936,59350,0
104850,1559,0
5775,146,0
2519,5158,0
10039403,4322,0
60149,147,0
176870,1760,0
5311101,5321,0
123631,6793,0
6215,308,0
17473,9934,0
42642645,613,0
135398745,150,0
65981,5468,0
9829523,5585,0
3035817,23683,0
2477,148,0
114743,6532,0
3520,169522,0
9860102,5836,0
16043304,5578,0
44259,91754,0
44205240,1195,0
66599893,6530,0
16722836,4638,0
126565,2261,0
3715,3576,0
44259,7535,0
5951,875,0
4212,2534,0
5328940,8491,0
9829523,1195,0
643975,7498,0
3715,2739,0
2396,3757,0
11314340,5592,0
11671467,5260,0
4748,1813,0
3260017,6697,0
1615,6530,0
165339,5375,0
644019,162514,0
24821094,660,0
10113978,3932,0
5282494,3291,0
5757,4508,0
126565,9891,0
4488,1187,0
119570,152,0
126565,9448,0
126565,6795,0
24826799,3055,0
4781,5740,0
159296,27284,0
5775,11188,0
44259,8491,0
9829523,5586,0
6119,1392,0
3035817,5979,0
126565,6792,0
124886,119391,0
9863672,5585,0
3062316,2047,0
11656518,7525,0
68873,4306,0
6445562,25,0
44259,6732,0
107807,1636,0
656668,8912,0
25102847,1956,0
657309,1129,0
439153,1586,0
3715,213,0
135398619,8766,0
9818306,2100,0
71731823,2185,0
11338033,2932,0
644019,3356,0
5281040,240,0
10427712,6195,0
667477,147,0
49831257,3716,0
54675783,4843,0
9801,801,0
9829523,817,0
5775,150,0
3035817,114783,0
5073,3269,0
44591583,5142,0
44093,1636,0
3025986,57396,0
3036780,1815,0
5291,6916,0
11671467,11011,0
9822750,775,0
2513,4846,0
5202,3355,0
5531,5153,0
135398510,55589,0
9829523,6098,0
165688,8856,0
11213558,6790,0
6445562,4214,0
5757,2103,0
644241,4835,0
171548,5096,0
65064,7276,0
11671467,2263,0
107758,3710,0
643975,51,0
2482,10368,0
11671467,2261,0
11671467,2241,0
156414,4067,0
5002,1128,0
3062316,4638,0
867,6626,0
2519,3783,0
165688,3294,0
2519,134,0
5284583,9900,0
9823820,2264,0
2157,81033,0
2244,5597,0
92745,6718,0
11671467,28996,0
643976,1806,0
107715,148,0
1355,3352,0
5839,2908,0
2482,3764,0
3038522,10801,0
11368987,2099,0
5957,269,0
3547,6093,0
71567,883,0
11581936,3958,0
44259,4751,0
1727,27012,0
11526696,2693,0
5329102,9252,0
2157,783,0
47936,107,0
213032,4519,0
3396,3357,0
11656518,5979,0
5282381,5732,0
16078,1269,0
11712649,640,0
5329102,1436,0
1504717,4835,0
60795,1128,0
11601669,51393,0
2162,778,0
11671467,4214,0
44259,9113,0
9799888,1559,0
208898,785,0
5287692,506,0
2157,778,0
31101,150,0
5311505,5241,0
5950,84706,0
5339,5742,0
5509,3576,0
1051,1644,0
11696113,5569,0
4044,8644,0
3707,8851,0
5957,1457,0
44259,5583,0
24826799,4067,0
5329102,57396,0
135398619,26225,0
44259,2011,0
126565,1018,0
12229396,1585,0
5329102,4751,0
123631,11213,0
15991588,10846,0
107715,3360,0
1355,148,0
10976469,5567,0
9821217,1565,0
24180719,5753,0
4595,146802,0
5287438,8722,0
439153,3290,0
440121,54205,0
126565,389840,0
71306834,3454,0
4634,1129,0
49803313,8428,0
5770,6570,0
44259,815,0
12229396,1555,0
60854,3354,0
3035817,10461,0
3033,7276,0
11544170,10645,0
439456,5962,0
4011,148,0
3342298,4316,0
5095,150,0
3036780,3358,0
5199,360,0
60795,3356,0
11671467,2322,0
2913,6530,0
44259,7016,0
1400,1432,0
3705,150,0
3108,5139,0
3117,84171,0
16722836,120892,0
5288850,836,0
5328940,3055,0
1051,113451,0
44259,818,0
60663,3757,0
444031,1132,0
439153,3028,0
5531,8654,0
5202,3363,0
3100,1131,0
129211,147,0
135400189,5136,0
4091,4695,0
5287969,27330,0
439153,6307,0
6450551,3791,0
65098,5009,0
5329102,814,0
5284513,6257,0
448042,5569,0
802,30814,0
3062316,3702,0
1051,18,0
11282283,5156,0
42642645,2322,0
71657455,3417,0
5288615,4316,0
5467,9177,0
2170,3359,0
448949,2932,0
11671467,6714,0
1051,55304,0
10113978,3791,0
11671467,10733,0
9823820,2321,0
5287969,2068,0
3396,3269,0
3025986,25865,0
222757,2104,0
216239,1588,0
261000,4306,0
11671467,1263,0
667467,3363,0
11671467,11183,0
2520,3767,0
16122633,5567,0
4044,1646,0
124886,2937,0
644019,8913,0
43815,170572,0
5329102,3055,0
135398675,7053,0
15991573,3791,0
1727,3746,0
24826799,3791,0
28417,1573,0
5329102,84254,0
5329102,1022,0
3081361,2047,0
165390,27034,0
448042,6093,0
71360,3356,0
2726,3356,0
13791,8678,0
3062316,5600,0
5753,6462,0
9578243,5142,0
2726,1812,0
449123,1118,0
26248,27163,0
9823820,3791,0
439153,10797,0
7028,122953,0
3559,10682,0
750,2743,0
9829523,815,0
9917013,6300,0
449171,6258,0
9826528,673,0
2244,53632,0
5287415,4314,0
3081361,613,0
3821,3357,0
2794,3738,0
67462786,2260,0
3652,27346,0
9803963,5467,0
5467,1815,0
132519,11096,0
11434515,1128,0
2157,775,0
9933475,2321,0
4830,6863,0
135406506,124583,0
44259,208,0
3062316,2050,0
4746,1376,0
5205,3355,0
3540,5566,0
44259,9212,0
445354,50700,0
126565,3716,0
126565,1969,0
66414,1543,0
1649,4846,0
3386,3356,0
11626560,3717,0
5584,1133,0
43815,1129,0
9829523,25,0
3696,1129,0
5280343,1545,0
9829523,7301,0
5419,150,0
284,9266,0
5957,317,0
135398619,9367,0
445319,4842,0
9933475,2260,0
24417,4255,0
4497,775,0
5291,146802,0
44462760,1019,0
667639,240,0
5401,90134,0
3696,3752,0
44259,2241,0
2159,1814,0
5329102,8428,0
31275,10673,0
2765,3350,0
3520,3748,0
5327067,1432,0
4449,147,0
43815,3358,0
10389239,9261,0
4168,4353,0
449459,8856,0
3455,3757,0
4543,154,0
24826799,8737,0
11175137,5566,0
5564,367,0
44259,207,0
4614,5742,0
985,5047,0
11167118,5894,0
6914613,10000,0
4091,4539,0
5329102,9113,0
4566,1859,0
5826,148,0
3372,1813,0
644019,7416,0
447700,25,0
5957,27,0
3081361,1969,0
2519,5136,0
13017,126,0
4201,3758,0
4474,1133,0
5584,150,0
2333,116085,0
3758,8654,0
5280343,231,0
190,6733,0
125564,3356,0
5282494,301,0
44259,6195,0
5487427,1133,0
11712649,7010,0
3081361,5159,0
129073603,3717,0
44462760,2534,0
3108,1827,0
60835,3358,0
11656518,2321,0
5342,4363,0
9829523,50488,0
11671467,1612,0
5002,148,0
2771,3358,0
5287736,131890,0
11707110,5243,0
2381,1129,0
135398619,122622,0
126565,7786,0
3062316,660,0
3035817,4140,0
6445562,1195,0
168871,3350,0
644019,79054,0
135398619,79631,0
5280343,51447,0
644019,1544,0
42642645,3055,0
2482,8912,0
3520,9312,0
11656518,5063,0
121494085,2244,0
644019,9290,0
941361,801,0
11167602,2041,0
9926791,81788,0
1051,6898,0
71329,3757,0
5095,3356,0
126565,9024,0
27400,3357,0
135398510,2322,0
2733526,5241,0
60149,6532,0
446758,5465,0
5328940,10645,0
43815,154,0
5202,3354,0
135398744,5149,0
216239,5159,0
60795,3269,0
11671467,25989,0
11671467,658,0
5736,3351,0
46937058,145482,0
44259,6714,0
750,212,0
439153,50814,0
4747,150,0
10458325,3932,0
6445562,5604,0
9549223,2104,0
16722836,57143,0
60753,786,0
8249,5562,0
2726,1131,0
7339,353,0
2160,4915,0
4189,27345,0
49803313,2580,0
170018,9266,0
115237,3358,0
6102812,5468,0
132999,348980,0
3372,3356,0
3062316,2260,0
9842606,132,0
4474,1132,0
97297,83903,0
71731823,4914,0
92974,153,0
42642645,5607,0
2581,5742,0
33113,54822,0
3035817,25865,0
7108,367,0
9863672,6093,0
48229,5743,0
60854,3269,0
6005,1812,0
126565,1457,0
5742673,213,0
644241,3815,0
644241,51086,0
5584,147,0
11671467,57551,0
168120,3094,0
119031,6868,0
5339,38,0
3396,154,0
68873,2908,0
3168,3757,0
6914621,4314,0
44259,122011,0
135565884,3718,0
42627296,10499,0
2351,27091,0
2361,2099,0
444795,56603,0
644241,3757,0
210332,6795,0
5289547,7421,0
9829523,2444,0
5329098,2321,0
49803313,3352,0
2803,148,0
5288615,4312,0
445354,220,0
2812,1576,0
2351,775,0
91532,547,0
39186,778,0
9750,23569,0
448043,9475,0
9305,389434,0
2765,152,0
44259,2064,0
44259,9706,0
66645351,10057,0
5281915,6389,0
5960,6035,0
5584,1129,0
439153,4190,0
1254,776,0
448042,5581,0
156414,2044,0
2351,3784,0
11790,1543,0
28864,1813,0
126565,8711,0
9933475,4233,0
44259,23683,0
286,875,0
2333,1645,0
644019,2743,0
9681,3350,0
5328940,50488,0
5452,3269,0
11656518,4921,0
43815,3350,0
44205240,2011,0
171548,32,0
132999,10021,0
92974,8856,0
11640390,11183,0
157920,1181,0
11519070,1129,0
439153,4705,0
5329102,8491,0
5205,3363,0
644019,1565,0
156422,285220,0
5073,3005,0
5329102,1956,0
124886,2938,0
135398510,9748,0
8730,7173,0
11712649,1969,0
42611257,5607,0
11213558,1612,0
441298,240,0
71731823,4058,0
126565,2051,0
938,338442,0
5573,27094,0
5962,3735,0
9829523,2260,0
44259,5613,0
5509,5742,0
5742673,9376,0
3672,5743,0
11719003,57551,0
67462786,3791,0
49803313,11184,0
5287969,5588,0
6914613,5590,0
5288615,4322,0
1051,51166,0
44148067,7416,0
24139,5973,0
135444742,275,0
2482,774,0
3062316,1969,0
107715,151,0
31101,1812,0
2162,55799,0
439153,3295,0
5833,6715,0
67171867,5241,0
49806720,5979,0
71360,3350,0
4850,146,0
168871,3354,0
11213558,8576,0
11626560,51086,0
135398737,3358,0
44259,94,0
5353760,6257,0
11561674,5144,0
11712649,9212,0
5280346,1537,0
26248,64816,0
445154,1545,0
2153,136,0
4091,4696,0
5280360,11251,0
11338033,5127,0
159325,1071,0
5709,3352,0
126565,5156,0
54675776,23569,0
199,11188,0
2157,155,0
159296,6817,0
44148067,1551,0
24180719,8544,0
33625,152,0
71731823,238,0
4478249,5860,0
11314340,22848,0
445319,4846,0
5287969,27102,0
4091,4728,0
4908,6472,0
444795,3933,0
135398745,3351,0
33625,151,0
643975,35,0
5329102,1455,0
10918,54677,0
11149479,2099,0
24798097,4846,0
5002,3359,0
16362,148,0
49803313,8711,0
3132,4311,0
5961,1503,0
82146,5915,0
5002,3005,0
6446,3291,0
11671467,9175,0
2520,778,0
49803313,817,0
73386890,120892,0
44259,10188,0
44259,5127,0
2351,776,0
7028,148,0
119570,151,0
2351,10368,0
2396,5581,0
3064778,6093,0
1549098,10914,0
10113978,4921,0
896,438,0
5920,7068,0
16362,775,0
11671467,2051,0
44259,2534,0
216239,2321,0
11314340,5569,0
44259,1019,0
4740,5148,0
4436,134864,0
119031,4316,0
24875320,2045,0
5280961,2101,0
3025986,984,0
1727,3790,0
5280343,3306,0
5280793,784,0
644241,2444,0
11671467,2011,0
985,5538,0
44148067,1577,0
445354,54884,0
5329102,1453,0
5281071,3269,0
135398510,4593,0
5282381,5734,0
2520,5243,0
656668,774,0
3371,93100,0
9681,3356,0
10113978,7272,0
5329102,640,0
3598,6392,0
444,6530,0
448014,2931,0
3157,147,0
6445562,9448,0
11671467,2872,0
3081361,4067,0
5288033,4519,0
60164,6256,0
132519,10863,0
16078,1814,0
44259,10746,0
135400189,5149,0
2267,11255,0
4748,3269,0
3059,5742,0
4636,3354,0
6450551,120892,0
126565,7297,0
5353760,10499,0
10635,6462,0
4184,6532,0
174174,1133,0
10113978,2263,0
3476,8644,0
3715,5465,0
126565,5592,0
42642645,51776,0
9934347,5747,0
187,1129,0
77999,6256,0
2482,55799,0
3062316,2268,0
456201,1595,0
6604889,3351,0
6083,5144,0
60854,1812,0
28864,150,0
6445562,1956,0
753,9061,0
1400,25,0
3035817,5588,0
65064,5243,0
43815,4353,0
6267,54407,0
54676228,5742,0
3559,1812,0
11213558,440275,0
9829523,6195,0
5736,3352,0
65359,4257,0
5289085,7381,0
11656518,1436,0
126565,6195,0
9829523,147746,0
2170,1814,0
6133,7371,0
16362,3757,0
172469,2950,0
5329102,51765,0
68165256,2064,0
135398745,1812,0
941651,3356,0
9829523,3717,0
2161,5144,0
1547484,1812,0
2519,5152,0
49831257,2322,0
2160,1814,0
3672,7056,0
60149,1813,0
3821,3350,0
176167,6196,0
3386,6532,0
4174,1585,0
447027,28,0
11992146,9261,0
208898,150,0
43815,1812,0
16043304,5595,0
444795,1592,0
5280934,9971,0
44259,81788,0
168871,146,0
9829523,816,0
42642645,5979,0
77022,124,0
5312137,817,0
126565,9706,0
667467,1816,0
5282138,783,0
5280961,6416,0
9829523,9128,0
135398510,8408,0
176870,2064,0
47811,3352,0
25077405,114814,0
68921,3291,0
439153,2597,0
126565,91807,0
171548,5091,0
448949,6795,0
9829523,7075,0
6918852,1022,0
208898,3761,0
2520,148,0
5280343,3480,0
5329102,8711,0
439153,3033,0
2145,1583,0
5280961,207,0
4830,3358,0
9823820,5871,0
208898,782,0
2170,3356,0
5074,1813,0
9818306,8856,0
44259,57118,0
5994,5004,0
1017,6258,0
126565,6850,0
11671467,51086,0
9829523,6795,0
145994598,8517,0
44259,55351,0
1400,7525,0
60854,1813,0
9750,4842,0
3396,6863,0
2266,6718,0
2157,3757,0
2161,5143,0
208908,3757,0
16722836,9212,0
16722836,11213,0
439153,3293,0
5073,3350,0
2995,1133,0
42642645,2051,0
126565,8621,0
5280346,7384,0
5288615,4318,0
92153,35,0
55283,1576,0
5280343,9262,0
3446,134,0
3117,79792,0
9829523,7525,0
5505,3767,0
208898,776,0
3025986,7422,0
135461982,2099,0
5291,4914,0
5584,1816,0
9829523,238,0
3035817,1020,0
9829523,6850,0
44205240,5585,0
44259,167359,0
31101,152,0
124886,2954,0
150311,29881,0
2153,140,0
6106,9836,0
439153,4698,0
44259,2580,0
26133,3283,0
156414,6195,0
1727,3741,0
42642645,2321,0
644241,5979,0
284,1487,0
5280346,7388,0
4830,3356,0
28864,1812,0
3372,1815,0
3034285,29796,0
656668,8913,0
4091,4538,0
126565,9748,0
135398745,152,0
5960,443,0
451448,5167,0
64929,2168,0
24871491,5594,0
11671467,6788,0
443600,4317,0
444031,1133,0
44259,5605,0
1832,3362,0
121494085,2266,0
26133,301,0
28417,6462,0
39186,775,0
60854,200909,0
12560,1576,0
8223,3352,0
126565,28996,0
8969,3770,0
10976469,5594,0
2812,1559,0
9933475,285220,0
60164,2805,0
439153,4199,0
10458325,2064,0
5329098,3815,0
115237,3356,0
123631,25,0
11671467,4751,0
2519,5137,0
49803313,6793,0
42642645,10733,0
5311505,4306,0
5329102,659,0
4567,8911,0
44259,25865,0
439260,146,0
87642,1384,0
2995,146,0
6445562,1760,0
17473,26229,0
446284,5468,0
50922675,2932,0
93147,1269,0
9829523,9024,0
6306,36,0
3025986,2931,0
3035817,1019,0
156422,2045,0
9956726,8648,0
5533,3358,0
5326976,4835,0
49803313,3356,0
3337,3358,0
3025986,1025,0
135398510,6789,0
11213558,4067,0
753,2954,0
216239,51701,0
2160,6530,0
22049997,5600,0
644241,2050,0
6445562,2268,0
1548887,11251,0
3062316,2064,0
10113978,8711,0
60753,775,0
9966051,3352,0
2381,1128,0
4011,3356,0
156414,2066,0
22419,7172,0
2244,5111,0
2726,3357,0
3081361,27,0
156422,4914,0
71360,152,0
135398744,8654,0
5681,7134,0
9547935,7384,0
126565,340156,0
213046,1815,0
3675,8639,0
5870,2100,0
4189,3759,0
5329102,8576,0
1400,3055,0
3696,1816,0
16122612,2101,0
5092,5144,0
5328940,2580,0
126565,5593,0
447962,9212,0
12229396,1584,0
2756,3274,0
2170,3357,0
4740,136,0
15991573,3718,0
6013,2099,0
5287969,5598,0
2351,8913,0
4078,1133,0
5533,3357,0
27400,151,0
1727,169522,0
5957,90,0
5002,1815,0
11167602,2324,0
60795,151,0
644241,1432,0
2726,146,0
71226662,660,0
5885,1645,0
24826799,8711,0
9403,8678,0
5329102,8396,0
4485,779,0
54746,150,0
445639,5375,0
439456,5333,0
5280343,9429,0
2726,3362,0
656912,4842,0
54675783,5596,0
2513,2779,0
11671467,202374,0
7028,6530,0
135400189,5152,0
4091,4706,0
5326956,2321,0
11671467,1432,0
5328940,494551,0
5287692,509,0
25102847,2321,0
11511120,3932,0
132519,4325,0
3520,3786,0
3108,5137,0
6106,586,0
11671467,5586,0
9829523,3815,0
5329102,4914,0
8515,5261,0
10184653,285220,0
43815,3355,0
24826799,51776,0
750,211,0
2244,5598,0
11712649,2321,0
2519,5146,0
71226662,7006,0
135398745,3359,0
16682987,7134,0
54675783,5601,0
448537,10499,0
6857693,2099,0
286,189,0
2482,776,0
135409347,159,0
3081361,2043,0
10917,7498,0
5280723,5731,0
243,6564,0
11712649,285220,0
4091,4717,0
31101,1816,0
3035817,817,0
4189,1573,0
151194,2324,0
11167602,1969,0
115237,151,0
5328940,6714,0
67171867,367,0
3446,781,0
667467,3352,0
2727,6833,0
449171,3486,0
1727,90134,0
9829523,440275,0
9305,5569,0
3108,5138,0
4212,9429,0
5280363,11251,0
1060,6567,0
176167,207,0
1337,4846,0
5280360,5734,0
44148067,1543,0
444031,1128,0
44259,9475,0
5281034,4879,0
3062316,2041,0
5280793,773,0
153994,778,0
5288033,29796,0
49803313,3360,0
9829523,26576,0
26175,6532,0
3025986,5598,0
439153,7264,0
3032732,6256,0
135444742,4522,0
165688,2852,0
86705695,2264,0
11671467,1196,0
208898,153,0
236702,190,0
3062316,4921,0
667467,1133,0
11671467,9874,0
5280934,60481,0
42642645,558,0
5330286,1195,0
135398745,3269,0
71351,150,0
11671467,5347,0
135398510,3716,0
44259,25,0
3034285,10975,0
478379,4317,0
107715,9177,0
6918485,3765,0
135398737,3269,0
44259,4915,0
126565,23683,0
11712649,2043,0
44259,51135,0
4037,3786,0
216239,3791,0
16122634,5569,0
6445562,55589,0
170018,5153,0
44259,5593,0
26133,4306,0
126565,8445,0
4011,1133,0
448537,316,0
5280343,60,0
225936,7322,0
636398,3291,0
2267,4056,0
439153,4541,0
5291,4921,0
6267,79731,0
3964,3350,0
10274777,5468,0
168871,3357,0
9429,147,0
656912,4846,0
5584,3358,0
3964,1132,0
5329102,5260,0
26248,1577,0
11149479,10499,0
5885,4190,0
60795,3757,0
11671467,5580,0
11213558,4750,0
750,10249,0
44259,5747,0
8515,6790,0
44259,9064,0
2733526,84650,0
1174,1806,0
4740,10846,0
4768,801,0
4595,6582,0
444,3359,0
11957417,5347,0
9403,10499,0
107807,6424,0
2733526,5590,0
3488,1080,0
5280343,1956,0
5073,152,0
27400,1813,0
4495,30814,0
9942725,2743,0
6450551,8780,0
11671467,1445,0
11671467,9891,0
680935,246,0
222528,2950,0
44259,3984,0
4011,1812,0
54746,151,0
208898,148,0
5002,3357,0
11656518,51776,0
4091,4725,0
72172,290,0
5826,152,0
44259,284086,0
2482,778,0
4091,4694,0
5401,151,0
135398510,9212,0
5280793,93589,0
11671467,7006,0
5287969,1760,0
11671467,9943,0
4011,1131,0
3081361,2580,0
71351,1815,0
2267,3274,0
124886,2739,0
44148067,3350,0
2170,1812,0
667467,1128,0
1983,5742,0
9829523,131890,0
5885,1646,0
3821,3355,0
156414,8569,0
2244,6197,0
15602982,208,0
49803313,8491,0
5833,773,0
27400,147,0
347590,4842,0
3000479,54205,0
11561674,5142,0
82146,6257,0
213046,3356,0
11712649,10733,0
213046,3350,0
5573,784,0
10113978,8576,0
444795,5915,0
667550,5743,0
6083,55902,0
135398619,1938,0
5467,150,0
656665,3359,0
65359,27306,0
124886,2940,0
6450551,4233,0
667477,148,0
2206,5743,0
168871,170572,0
126565,1459,0
4911,24145,0
16682987,7417,0
444389,308,0
54746,1812,0
338,3146,0
156414,1956,0
5681,7137,0
176870,5159,0
5005498,1020,0
115237,3269,0
68841,3749,0
156414,8767,0
3446,9254,0
6128,3293,0
656668,778,0
42642645,2045,0
5401,81033,0
66000,3674,0
44259,5170,0
126565,6732,0
1832,3355,0
3964,1133,0
5282381,5733,0
1727,93107,0
5531,5138,0
11671467,27148,0
3025986,904,0
3964,1813,0
5573,10242,0
44259,7075,0
6322,84889,0
54385,23620,0
4543,10280,0
447458,5465,0
2361,1544,0
2812,1595,0
5833,2908,0
286,1491,0
44259,558,0
667490,3614,0
2092,3757,0
126565,90,0
4497,779,0
445154,246,0
5328940,613,0
53359,231,0
10113978,2324,0
2179,3757,0
5329102,10461,0
44259,3716,0
4474,1131,0
2435,150,0
126565,57118,0
24180719,25,0
11671467,51422,0
49803313,699,0
5328940,55589,0
5329102,255239,0
11213558,22848,0
11671467,5603,0
896,4353,0
2160,1813,0
11154555,1815,0
8629,2582,0
154575,5143,0
3035817,4217,0
31101,153,0
119031,4319,0
5568,1813,0
135398510,7525,0
9933475,5156,0
9826528,5607,0
2351,27092,0
60663,775,0
644019,8912,0
11658860,3358,0
5870,1588,0
46220502,1020,0
9829523,207,0
4740,5153,0
3658,3757,0
44259,3932,0
6450551,2261,0
2995,3356,0
16122633,5569,0
11671467,5562,0
9829523,22848,0
5287736,5578,0
644019,1269,0
65359,2950,0
4829,55847,0
42642645,9212,0
5280793,776,0
3035817,5585,0
11671467,4638,0
445920,2099,0
65304,1791,0
2159,3356,0
10635,2908,0
1649,4842,0
445354,5730,0
6005,3357,0
2170,3363,0
135400189,50940,0
44259,2242,0
44259,5260,0
135398510,3815,0
60795,1812,0
36811,148,0
135398619,382,0
15993,5024,0
166558,6646,0
5287969,25,0
10458325,2043,0
445344,1892,0
8223,148,0
5920,7067,0
2482,785,0
5957,1460,0
5291,4067,0
44259,57787,0
15991546,5837,0
4740,5139,0
2477,10280,0
644019,7442,0
3354,5141,0
55245,8856,0
2160,1816,0
11626560,558,0
3784,778,0
3715,5743,0
13791,2104,0
5960,2806,0
2995,1132,0
4634,1131,0
3081361,27330,0
126565,5581,0
1547484,1131,0
57379345,83942,0
2153,5144,0
750,2937,0
50922675,595,0
5405,1128,0
49803313,2322,0
33113,5292,0
3038522,5156,0
8515,7272,0
24821094,51206,0
126565,57787,0
71496458,1956,0
5681,801,0
4641,5742,0
3038522,5159,0
656668,776,0
227,259307,0
2856,53944,0
44259,85366,0
153270,834,0
24826799,5159,0
9829523,2868,0
11561674,5141,0
24875320,780,0
3672,6278,0
10113978,5979,0
208901,5468,0
2482,3768,0
4781,5743,0
10917,1374,0
5591,5467,0
439153,4539,0
447961,902,0
135398737,3363,0
5833,1585,0
2520,147,0
9913,2597,0
3016416,7384,0
2162,774,0
3062316,613,0
3372,3363,0
448949,1859,0
3035817,6788,0
456201,8856,0
5329103,9833,0
44259,6446,0
9829523,10494,0
60164,6257,0
177336,3360,0
4091,2820,0
9818306,8678,0
68921,2908,0
2995,154,0
5287969,1022,0
5280934,8856,0
2995,3269,0
135423438,25,0
11671467,2242,0
126565,56924,0
24771867,1969,0
135398654,5053,0
447027,7381,0
446541,3614,0
216239,7075,0
656952,2099,0
4497,778,0
2585,3759,0
5282494,3283,0
443879,3757,0
2733526,5582,0
47811,1816,0
8515,2580,0
11671467,5601,0
4488,5742,0
126565,5261,0
11671467,2931,0
107984,4843,0
5282138,785,0
190,4507,0
6262,5009,0
5573,1132,0
1548887,5595,0
3394,5743,0
44148067,79054,0
445154,207,0
54746,1816,0
11671467,4145,0
9963148,340273,0
10127622,8243,0
71398,6462,0
124886,2947,0
11338033,51755,0
31101,151,0
3062316,3984,0
9578243,5144,0
71398,240,0
5280793,7421,0
10113978,6098,0
135440536,8648,0
1174,54963,0
802,883,0
53359,57016,0
667467,3356,0
2381,1131,0
9829523,9641,0
11167602,51776,0
3337,3350,0
5205,3358,0
4680,5139,0
8515,22848,0
3333,5136,0
3396,786,0
16722836,4140,0
2170,1129,0
44259,150094,0
3696,3362,0
46220502,204851,0
216239,6885,0
11213558,23235,0
24821094,5753,0
208908,1956,0
16722836,1956,0
5487427,1131,0
5833,4306,0
46937142,51399,0
126565,4058,0
443879,1128,0
447912,10499,0
10389239,7867,0
667467,3355,0
24821094,1956,0
6445562,640,0
4543,3269,0
3062316,695,0
11671467,23012,0
5280453,3206,0
60149,3757,0
2913,3357,0
126565,5606,0
44259,4296,0
5961,5471,0
42642645,6608,0
6726,3269,0
5280793,783,0
3696,3350,0
6918485,3752,0
4543,1131,0
107715,3358,0
44259,10769,0
5951,10558,0
1727,3786,0
60854,9177,0
5329102,9201,0
3108,5149,0
11213558,6850,0
126565,26576,0
9929643,6885,0
441300,213,0
3081361,90,0
5164,5603,0
11368987,10499,0
1060,9123,0
9829523,2872,0
6140,7054,0
5775,148,0
2519,135,0
3038517,2798,0
6215,307,0
6445562,5605,0
208898,610,0
644213,10499,0
5330286,1019,0
3758,5151,0
24894153,4843,0
24180719,5894,0
4091,4541,0
7339,54963,0
11338033,9344,0
9829523,1436,0
27400,1128,0
11671467,55781,0
11671467,2081,0
5531,8622,0
2435,146,0
126565,6733,0
3025986,85366,0
82146,5916,0
9829523,6196,0
132971,1589,0
15991573,3932,0
23642301,2099,0
445675,2582,0
6451164,3757,0
3036780,154,0
47811,147,0
1400,5979,0
5991,1555,0
4708,2066,0
1530,10499,0
176870,285220,0
5035,2100,0
644019,1543,0
11671467,5127,0
47811,1813,0
9826528,5605,0
5709,146,0
3035817,25989,0
2267,3358,0
5994,4306,0
6262,4946,0
3559,148,0
439260,148,0
53276,150,0
2995,6609,0
161647,7372,0
243,1610,0
4829,8647,0
2733526,2104,0
46220502,1195,0
10427712,84446,0
6287,5096,0
107758,57664,0
6106,23395,0
11524144,3791,0
123631,3932,0
644019,27163,0
7028,153,0
65064,5893,0
6083,3094,0
65098,2628,0
5280793,777,0
49803313,814,0
15991588,5140,0
24821094,2444,0
1836,4322,0
65359,2936,0
44259,114783,0
1060,5315,0
5327109,2932,0
5002,3358,0
5329102,11011,0
445580,6258,0
11671467,9344,0
644241,613,0
27400,148,0
126565,3551,0
126565,11200,0
5280953,8445,0
82146,7376,0
42611257,51776,0
2351,3757,0
5957,5536,0
3062316,7046,0
4830,1815,0
44259,341676,0
445154,8856,0
68271,7389,0
135398737,3351,0
71329,3768,0
10197702,3613,0
6917698,3360,0
176870,2065,0
3168,1814,0
49803313,5602,0
9829523,640,0
3658,3356,0
5819,3690,0
160355,1020,0
5957,10060,0
124886,2946,0
126565,5170,0
5280961,8648,0
44093,623,0
10113978,673,0
2333,1557,0
27400,1131,0
171548,5095,0
60795,3359,0
5584,153,0
146570,147,0
4768,148,0
60663,1565,0
54746,1815,0
176870,673,0
3386,1557,0
70683024,1441,0
11671467,9064,0
3025986,23097,0
5757,8678,0
4184,3362,0
444294,7442,0
5452,3362,0
3337,3356,0
91610,3764,0
4044,5742,0
9429,3350,0
643975,2639,0
5960,1615,0
5312137,6714,0
4211,1584,0
49803313,5901,0
65359,2947,0
17754220,6035,0
667467,3362,0
6445562,51776,0
6267,55089,0
5328940,7525,0
126565,53904,0
681,1816,0
25102847,5979,0
168871,151,0
2995,1129,0
11671467,4486,0
4168,1814,0
119031,64066,0
4708,1956,0
5566,6275,0
3108,5153,0
2153,26140,0
6419766,6790,0
123631,3791,0
135398510,5571,0
44205240,2580,0
2333,4363,0
5755,2908,0
168871,150,0
11671467,2048,0
31101,154,0
5330812,27,0
2519,5143,0
4830,3357,0
42642645,2044,0
11671467,3985,0
11626560,3643,0
5328940,4214,0
11338033,5598,0
154059,1128,0
5584,146,0
4091,2819,0
445154,8570,0
643976,51179,0
11213558,780,0
691952,5566,0
8969,147,0
5287969,51755,0
2537,8989,0
392622,6916,0
445354,9227,0
4917,1815,0
43815,1132,0
6102690,8648,0
5287969,2580,0
107715,154,0
11304743,2983,0
11269429,8648,0
135398745,1133,0
1615,3358,0
216239,673,0
44259,57172,0
5733,5743,0
44591583,5141,0
4205,3356,0
5531,5139,0
156422,51776,0
44259,1128,0
135461982,2100,0
4528,4353,0
5328940,5604,0
44259,5592,0
4740,4907,0
130804,7381,0
636398,3283,0
2477,147,0
5329102,815,0
3081361,780,0
6089,10280,0
3025986,1019,0
222865,3292,0
176870,2580,0
3386,150,0
25126798,7297,0
165339,718,0
5284513,5916,0
969516,240,0
11314340,1198,0
4488,54600,0
6031,5031,0
135398745,153,0
2520,774,0
5452,1812,0
2605,5915,0
3784,779,0
222865,81285,0
445580,6257,0
2160,3350,0
54477,1813,0
9829523,9252,0
11671467,9263,0
25102847,2324,0
44259,57396,0
5833,27091,0
135565884,7294,0
5287969,2932,0
8249,3764,0
54675783,836,0
54477,10280,0
5328940,6793,0
123982,4048,0
5280793,9254,0
4828,155,0
44093,4313,0
10184653,2066,0
5826,150,0
5288615,4313,0
115237,6863,0
5002,3352,0
11671467,8408,0
5960,55157,0
5885,4199,0
2726,147,0
6852206,9479,0
5957,2180,0
5330286,1459,0
123631,2322,0
9547935,7388,0
126565,83732,0
2160,1132,0
39912,2811,0
4091,4731,0
4740,5137,0
449241,6198,0
9829523,780,0
4474,1129,0
11671467,7786,0
3108,5140,0
9829523,7297,0
18068,9934,0
5280343,8856,0
60795,154,0
750,2617,0
135423438,4921,0
6057,51067,0
3081361,9748,0
57379345,2322,0
447912,8648,0
667467,3351,0
60753,3767,0
444294,162514,0
445354,347,0
5078,3352,0
135398570,610,0
44148067,847,0
444795,6097,0
44259,7294,0
126565,815,0
1051,84706,0
39186,776,0
2801,3356,0
5282411,5731,0
2230,1129,0
243,93100,0
11963622,4881,0
3036780,148,0
5281672,51447,0
11304743,2982,0
6918562,3082,0
22419,5468,0
3081361,7010,0
9829523,1445,0
3062316,8013,0
1832,3357,0
135565884,2064,0
126565,8428,0
2482,59285,0
6409,126,0
3333,783,0
24199,1132,0
5280961,316,0
444389,3082,0
156414,3932,0
4474,778,0
42642645,6098,0
133021,5742,0
3758,5144,0
445114,3792,0
2351,779,0
54675783,7422,0
5566,3356,0
6834,1132,0
2719,27346,0
27661,2974,0
16362,1814,0
68841,5170,0
439153,1645,0
44259,9943,0
44259,5292,0
97536,2953,0
6852206,5601,0
3025986,5128,0
82400,5236,0
4848,1131,0
135398619,403,0
11395145,5468,0
3036780,3350,0
11987888,51135,0
6031,26229,0
11671467,11213,0
4768,150,0
23700,2135,0
9863447,7067,0
44148067,3356,0
3720,8843,0
5280346,10975,0
10442,375,0
2267,3269,0
54676228,5743,0
5709,151,0
4830,148,0
3696,1133,0
31101,3362,0
135398687,7054,0
6419766,57118,0
135565884,3702,0
11159621,2852,0
165339,6647,0
9829523,6788,0
107715,3357,0
1989,3758,0
126565,120892,0
126565,9128,0
11671467,7525,0
56843331,2740,0
11671467,415116,0
44259,2868,0
126565,11011,0
60857,3357,0
11671467,5170,0
5826,146,0
135398510,5979,0
60854,147,0
4494,775,0
4011,1132,0
5880,3293,0
129211,148,0
9829523,22983,0
3964,3269,0
4474,1557,0
132971,1576,0
5281004,301,0
135423438,2263,0
1198,3418,0
135398745,3357,0
439260,6571,0
3157,81033,0
60854,3363,0
10836,6532,0
11545694,3290,0
3035817,8711,0
9934347,238,0
216239,5979,0
3354,1128,0
153994,776,0
44259,6733,0
5280492,1241,0
439153,4694,0
5095,147,0
448537,367,0
44259,5894,0
119031,8510,0
156414,7048,0
5742673,55867,0
5487427,1129,0
44462760,3932,0
5329098,5979,0
124886,2880,0
4158,6530,0
11671467,2260,0
54746,148,0
11553058,3718,0
5329102,26576,0
643975,56605,0
5326914,3683,0
3520,3737,0
24826799,2534,0
2812,338442,0
5073,148,0
22024915,833,0
91532,3643,0
92974,155,0
644241,2048,0
8223,151,0
135423438,5159,0
176870,11113,0
65359,2952,0
448043,5567,0
3559,3350,0
446124,383,0
4708,2064,0
157049,5468,0
126565,238,0
24995524,6795,0
5326976,1459,0
9565,3758,0
44259,816,0
43815,3363,0
2803,152,0
5329102,27330,0
10976469,5588,0
5287692,498,0
4926,1815,0
135398619,2770,0
44259,1452,0
135398745,3352,0
1051,2806,0
156422,7075,0
3025986,27148,0
208898,147,0
9822750,4846,0
57379345,1956,0
135398737,1132,0
4184,150,0
6140,6898,0
8226,3355,0
439153,231,0
1727,3785,0
44259,285220,0
68165256,25,0
5757,8856,0
44259,6885,0
439153,127,0
135398510,9448,0
126565,225689,0
11671467,3643,0
5280793,774,0
5074,3352,0
444795,340665,0
126565,55589,0
445639,5465,0
5280363,5737,0
439153,3156,0
5280723,5732,0
9829523,818,0
5287736,5579,0
15602982,5566,0
18068,28,0
439153,3294,0
10976469,6300,0
68617,6530,0
10071196,1813,0
28864,152,0
135398510,50488,0
150311,6646,0
47576,1576,0
439153,3284,0
2719,59272,0
11338033,904,0
49803313,3354,0
124886,221357,0
135398510,2932,0
449241,9475,0
93147,79054,0
156414,640,0
284,87769,0
3198,8856,0
4369550,2100,0
156126,84680,0
68165256,2322,0
2247,3757,0
4636,3357,0
3559,27346,0
5573,775,0
2092,146,0
1547484,775,0
5281078,5805,0
216239,3815,0
135398510,9641,0
25126798,3717,0
5280343,3791,0
6031,51727,0
5287969,5837,0
44462760,3985,0
9934347,5601,0
643975,7296,0
33113,11004,0
5328940,4067,0
11167602,2260,0
5405,1133,0
5329102,22848,0
4474,146,0
23897,3363,0
44259,91807,0
1254,782,0
985,5375,0
5573,3780,0
9926791,8711,0
5288615,6868,0
49803313,5159,0
5329102,6794,0
135398737,1813,0
11511120,2066,0
5330286,5305,0
15602982,5569,0
135398510,6793,0
6262,383,0
208898,775,0
5095,148,0
46220502,1025,0
3007,151,0
2605,5914,0
1549000,3269,0
44259,26524,0
5288499,6352,0
5401,146,0
28417,5241,0
124886,2952,0
24826799,2264,0
4830,6532,0
3198,1582,0
439456,29924,0
10458325,5753,0
42611257,3791,0
2605,5916,0
72172,4048,0
9926791,9212,0
44259,8394,0
3007,9607,0
2913,3269,0
5288033,7381,0
119828,4057,0
2170,3351,0
11338033,57551,0
54746,3352,0
44259,1760,0
97536,2739,0
11671467,5063,0
2812,1558,0
3062316,51086,0
67361,5019,0
3663,2938,0
5584,6530,0
24821094,5607,0
68165256,4233,0
5287969,5128,0
5329102,10298,0
44259,8445,0
5950,64902,0
3758,5150,0
68873,367,0
176870,7075,0
9829523,5610,0
49803313,4751,0
4917,152,0
126565,6300,0
444795,6096,0
6274,3067,0
5833,6716,0
941651,1812,0
44259,2047,0
44259,5599,0
44259,5058,0
4510,4881,0
4369424,58478,0
87642,3156,0
2159,3363,0
11671467,8711,0
11167602,613,0
3059,7276,0
5329098,2324,0
5960,2805,0
3036780,1813,0
5202,6532,0
9926791,27330,0
115237,1812,0
44259,22858,0
11671467,140,0
213032,7384,0
67462786,2263,0
9823820,11035,0
11671467,695,0
1548887,5742,0
969516,873,0
5202,3351,0
6133,5030,0
4912,19,0
4649,5743,0
5951,63826,0
25102847,4486,0
3333,7125,0
3002977,1234,0
2585,155,0
22024915,1956,0
5280793,775,0
3822,6571,0
3520,3741,0
44259,8396,0
3016416,10975,0
2161,5141,0
159296,9955,0
3758,5152,0
10127622,10592,0
24875320,4921,0
3559,1813,0
4091,4710,0
3520,170850,0
42642645,2050,0
3520,3755,0
123879,11251,0
5573,779,0
11524144,659,0
5311181,5739,0
4478249,2683,0
60663,8911,0
5405,1129,0
159296,6820,0
126565,695,0
24180714,54363,0
2244,5563,0
6604889,3356,0
5329102,9641,0
6450551,5159,0
156422,2042,0
11213558,10733,0
1832,3356,0
5573,773,0
126565,1025,0
10113978,2322,0
400010,841,0
5957,65061,0
11671467,5606,0
2519,5153,0
170018,5292,0
15295578,53944,0
6306,586,0
449171,3164,0
156414,2322,0
5282411,5740,0
16122642,5569,0
643975,4704,0
132519,4323,0
5328940,2534,0
135398619,5901,0
4507,776,0
64929,5468,0
132519,56547,0
135398619,998,0
448043,10733,0
126565,80122,0
3520,90134,0
439153,4695,0
5754,4306,0
6657,2628,0
5957,10257,0
26248,1551,0
33113,3480,0
9926791,6196,0
44259,2051,0
156422,5599,0
4764,6462,0
5287969,5292,0
3157,152,0
644019,6647,0
4828,154,0
10172943,5569,0
5761,3350,0
135398619,51128,0
49803313,55589,0
448002,4312,0
3016416,7385,0
49803313,5601,0
126565,818,0
4740,27115,0
126565,5601,0
448042,5586,0
4011,150,0
5467,146,0
216239,9212,0
97535,2944,0
1400,6714,0
3081361,23235,0
5328940,1195,0
1615,3357,0
16722836,2261,0
44259,11184,0
43815,9177,0
9913,4191,0
11671467,57144,0
3081361,640,0
3034285,7388,0
73386890,7272,0
3108,5142,0
26248,1544,0
6918852,9748,0
9429,148,0
44259,5156,0
4189,3768,0
124886,2882,0
2913,3362,0
49806720,238,0
2351,782,0
16842,4905,0
448042,5566,0
135398745,3362,0
92135969,23451,0
168871,148,0
4636,151,0
9915743,50488,0
156414,6714,0
7028,22926,0
49803313,4296,0
5339,5243,0
216239,2045,0
130804,1537,0
1649,4843,0
11671467,2534,0
24889392,3815,0
3758,5148,0
3822,3355,0
3036780,151,0
15295578,9261,0
5095,152,0
3715,5468,0
49803313,5979,0
6102691,2099,0
15993,22953,0
441407,301,0
4748,1812,0
11640390,4233,0
132519,4317,0
4449,6532,0
135398510,57172,0
130804,10975,0
9829523,4139,0
11553058,10188,0
170018,8724,0
223253,2908,0
68841,5292,0
3117,84695,0
447027,6390,0
44631912,817,0
2520,8911,0
5002,1814,0
445154,2099,0
135565884,2066,0
3081361,3815,0
135400189,8654,0
2160,148,0
4828,3351,0
2230,1128,0
3559,6863,0
35370,213,0
5833,783,0
1832,3350,0
5329102,3815,0
156422,5243,0
5280934,54898,0
2170,6532,0
2995,3350,0
40589,148,0
135398510,6733,0
1051,9517,0
644241,780,0
5743,8856,0
2244,5564,0
3062316,27148,0
1051,9054,0
5312137,238,0
2482,3770,0
210332,140,0
44259,6788,0
132519,4313,0
10635,2099,0
3455,10280,0
44,4200,0
39912,6564,0
2895,3363,0
1983,10728,0
4926,1814,0
135398619,4831,0
5486971,9254,0
5656,4886,0
11671467,3702,0
126565,4140,0
11661758,2324,0
4168,1128,0
9429,3356,0
10113978,3702,0
3032732,10499,0
3062316,11184,0
5289085,7386,0
44205240,5979,0
439153,4716,0
9829523,3718,0
9829523,8394,0
210332,9212,0
5761,3356,0
448372,51477,0
5287969,5580,0
54675783,834,0
119031,9313,0
73386890,5602,0
1727,3737,0
5280723,11251,0
54746,3356,0
44259,5582,0
5775,147,0
11671467,23235,0
4189,3783,0
4011,1129,0
5816,147,0
5833,779,0
10427712,1956,0
68841,5588,0
13791,10499,0
445154,1457,0
176870,85366,0
165688,2100,0
3062316,8767,0
478379,4312,0
135423438,1018,0
10458325,2321,0
3168,148,0
3108,5004,0
126565,4215,0
6857699,10499,0
4507,781,0
5744,3283,0
3354,5144,0
5358,3363,0
456201,1586,0
3476,10060,0
126565,1445,0
1051,51540,0
6857699,2099,0
3488,10060,0
123631,1454,0
4507,775,0
4497,782,0
9829523,5260,0
643976,55312,0
44259,27,0
440141,6037,0
11671467,4921,0
52919,1814,0
6262,6542,0
4440,3352,0
3081361,1956,0
28864,3352,0
448912,2931,0
5467,152,0
2244,5595,0
3062316,2042,0
44259,23604,0
5090,2006,0
11671467,10746,0
5494425,2324,0
171548,64087,0
3081361,2066,0
3198,1576,0
11167118,673,0
9829523,2263,0
3397,196,0
44259,2043,0
1017,2100,0
9823820,23043,0
2244,5565,0
11671467,23043,0
5862,833,0
135565050,3690,0
33113,5888,0
3034285,7386,0
47811,151,0
3964,150,0
3035817,23043,0
2771,3269,0
5312137,9212,0
24826799,5566,0
60149,146,0
4543,150,0
5282138,779,0
60795,150,0
60854,3358,0
2161,6284,0
3826,5743,0
448949,5610,0
129073603,5159,0
135444742,123263,0
3696,6582,0
4091,2110,0
5362129,623,0
5327110,5566,0
4091,4718,0
44259,1956,0
5287969,1020,0
9917013,4296,0
60149,3355,0
311,259307,0
44259,9578,0
49803313,7525,0
2099,1576,0
2162,775,0
176870,640,0
135398510,11184,0
529,2027,0
6134,360203,0
24875320,2048,0
44259,4914,0
8969,3758,0
3339,5465,0
135565884,1956,0
1615,6571,0
10458325,1956,0
1236,5243,0
6918852,9475,0
126565,3815,0
44259,2324,0
135398745,3350,0
3342298,4323,0
5287969,902,0
3964,3356,0
11338033,1019,0
1005,5184,0
5074,3363,0
11338033,5128,0
42642645,5753,0
3007,147,0
5991,8856,0
446504,4322,0
175468,5047,0
9829523,5581,0
5564,8856,0
42627562,5569,0
3559,3363,0
97536,2950,0
60490,9536,0
4649,1147,0
5880,6462,0
42642645,147746,0
126565,5602,0
23897,1813,0
5957,369,0
5960,10606,0
3821,6869,0
39186,1576,0
60795,3274,0
165688,8678,0
24856436,2051,0
44259,54101,0
5289085,7385,0
6005,146,0
5328940,3815,0
4630909,1432,0
4091,4729,0
9403,2104,0
154059,1132,0
24826799,780,0
3220,1457,0
11154555,3356,0
8515,55589,0
60857,3363,0
1727,3748,0
2895,3362,0
28417,6347,0
5280961,1545,0
135398510,3791,0
11434515,1129,0
1983,1268,0
446541,3615,0
347402,131,0
5744,2908,0
42642645,2444,0
176870,27,0
2170,3362,0
93147,9290,0
6918852,816,0
5280953,8444,0
2162,782,0
24889392,2324,0
40589,146,0
42642645,4296,0
26248,240,0
896,2099,0
11671467,79837,0
5073,6532,0
3354,5151,0
1337,4842,0
969516,5468,0
60795,5243,0
3520,3788,0
11213558,8780,0
9829523,5580,0
5743,5241,0
126565,11183,0
135398745,3363,0
4011,146,0
1547484,1129,0
11671467,659,0
9829523,4058,0
135398510,5605,0
44259,11011,0
5957,1080,0
3062316,2580,0
5311128,2798,0
2812,1588,0
5281078,3615,0
2247,27346,0
11671467,54861,0
9818306,2104,0
42642645,10114,0
439260,147,0
25151504,64816,0
10836,152,0
9543420,4317,0
54675783,5594,0
60854,152,0
54746,3363,0
644019,3156,0
97297,132,0
445675,4245,0
3652,59272,0
49803313,3350,0
9829523,10461,0
24798097,4842,0
3035817,9064,0
208898,3752,0
4893,151,0
15951529,367,0
681,9177,0
5329102,2011,0
126565,85366,0
12106168,1432,0
448043,6093,0
65359,2938,0
9571004,3784,0
44259,1196,0
3035817,11183,0
5991,316,0
6102690,2100,0
3308,5742,0
49803313,1537,0
6445562,122011,0
5241,1735,0
3062316,10298,0
3035817,5608,0
44259,55589,0
938,23475,0
10113978,27148,0
24771867,2043,0
9926791,3718,0
5073,1813,0
439153,10157,0
451448,3614,0
9829523,1196,0
5566,3362,0
10976469,6282,0
4768,152,0
44631912,818,0
448002,4318,0
4674,836,0
5573,782,0
5833,10369,0
32798,4306,0
2170,147,0
49803313,3355,0
24889392,51135,0
2482,775,0
11282283,3815,0
5755,4306,0
445114,1889,0
11671467,22858,0
3151,3757,0
5328940,9641,0
5885,3156,0
9547935,7386,0
44259,5578,0
5452,3356,0
42642648,7525,0
9966051,154,0
5885,79154,0
2519,3709,0
9829523,8780,0
3290,1129,0
5281672,11168,0
44205240,55589,0
36811,147,0
2482,59341,0
11719003,5595,0
24826799,2044,0
42642645,2185,0
149790,5138,0
656953,8648,0
5288371,1725,0
135398510,3702,0
1254,773,0
5957,445,0
9963148,9429,0
2913,1128,0
4462,6389,0
5287969,5127,0
3035817,5604,0
16043304,208,0
4091,4540,0
5280343,240,0
168871,153,0
44259,55561,0
24889392,1436,0
9829523,55781,0
447027,2110,0
151170,5144,0
3062316,1445,0
3821,3351,0
4189,775,0
16122633,5566,0
8378,7442,0
119031,4317,0
5073,1815,0
5826,134864,0
9829523,4915,0
11481186,3965,0
126565,4217,0
446284,5742,0
125564,1814,0
5280343,2099,0
176870,780,0
2351,59283,0
60795,3351,0
24889392,2321,0
135398745,3757,0
44259,5753,0
126565,5588,0
5202,3352,0
4449,150,0
135423438,2324,0
54675783,225689,0
44148067,9290,0
156414,780,0
5282138,774,0
160355,1196,0
28693,3350,0
2099,3359,0
667467,3360,0
44259,1018,0
68841,5837,0
6450551,2260,0
73386890,5599,0
5291,3932,0
10836,134864,0
126565,51135,0
5284513,6256,0
5566,1815,0
126565,30811,0
49831257,3718,0
5957,368,0
39912,5468,0
5280343,498,0
3157,146,0
11671467,1019,0
115348,4835,0
3038522,10056,0
5005498,51199,0
11213558,1147,0
5862,2937,0
5419,146,0
3542,5569,0
5289085,27089,0
135398510,8491,0
44462760,673,0
3033,5742,0
11840968,3832,0
643975,2936,0
9829523,6885,0
126565,23604,0
3081361,7525,0
3964,6530,0
3964,59340,0
9956726,5465,0
4211,2230,0
11671467,51135,0
126565,1956,0
5962,6545,0
128564,4318,0
126565,6788,0
5287969,51574,0
5280353,3162,0
44148067,2936,0
5288700,3612,0
126565,23387,0
11494412,3163,0
657309,1128,0
25102847,8767,0
4614,5743,0
4499,779,0
5312137,9024,0
126565,57172,0
31101,1814,0
156414,27,0
11626560,4486,0
444294,8989,0
667467,1131,0
2160,3352,0
62867,3356,0
54929,7378,0
10917,4353,0
10917,123096,0
445354,57665,0
208898,778,0
5819,6256,0
9829523,5261,0
4011,6530,0
5833,59285,0
6834,1129,0
11671467,3932,0
135398619,378,0
3062316,673,0
39912,7056,0
5591,2950,0
6450551,2321,0
60795,1132,0
667467,1813,0
4946,153,0
5358,3358,0
439153,217,0
445154,5742,0
82146,10062,0
1727,3742,0
46220502,5127,0
5280353,645,0
446504,4325,0
46936835,308,0
5280360,5733,0
478379,4313,0
439153,7923,0
2482,10369,0
57379345,3480,0
4436,151,0
60835,1576,0
25267009,978,0
2812,9970,0
60857,3354,0
19001,8312,0
9839500,826,0
107715,3351,0
11671467,2321,0
5139,4842,0
5584,155,0
126565,11040,0
2765,146,0
5862,1491,0
107715,1815,0
6030,11157,0
9547900,5467,0
50922675,3654,0
135398510,2260,0
5775,152,0
11671467,5128,0
3827,3357,0
9750,23564,0
3964,3361,0
4528,6530,0
39042,5467,0
192197,1645,0
10680,1545,0
9750,4846,0
2170,1816,0
11640390,3480,0
135398510,3932,0
66898,6820,0
5828196,196,0
24826799,11035,0
44259,7525,0
1547484,1816,0
4189,1595,0
42642645,4233,0
5202,9177,0
126565,6011,0
4037,3785,0
1355,3358,0
439153,218,0
1949,4047,0
3007,6532,0
9829523,6732,0
44259,5590,0
11601669,8989,0
126565,27330,0
44259,5598,0
5816,151,0
9750,353238,0
6102691,2100,0
444795,6258,0
969516,10057,0
2519,140,0
11159621,338442,0
5329102,11183,0
126565,10645,0
9829523,208,0
5419,152,0
1051,3067,0
60854,3351,0
9915743,2580,0
529,5313,0
11671467,55589,0
216239,1432,0
40589,147,0
126565,9064,0
3108,100,0
11671467,54658,0
216239,1956,0
44259,5925,0
11671467,4067,0
445154,4835,0
3036780,3361,0
107758,27071,0
5329102,2261,0
7028,466,0
2995,147,0
11671467,81788,0
176870,8986,0
10458325,613,0
448008,2931,0
176167,5581,0
24826799,5156,0
5531,5145,0
1060,5091,0
774,3274,0
135461982,10499,0
689043,1956,0
6,2950,0
5885,3292,0
92153,3033,0
43157,316,0
3081361,5156,0
9930049,3757,0
5287620,190,0
10172943,207,0
2520,9429,0
1547484,8913,0
1017,6256,0
5467,3350,0
33113,3706,0
60753,781,0
151170,5143,0
126565,5159,0
5287415,4322,0
44259,2041,0
44259,23678,0
44259,2066,0
44259,140901,0
44259,11040,0
5074,3351,0
456201,367,0
6852154,2099,0
4168,3359,0
2585,154,0
3035817,5601,0
1051,2731,0
6914633,4846,0
3476,3758,0
3559,150,0
165339,2938,0
4543,1813,0
44259,51347,0
135444742,10840,0
5329102,2263,0
3547,29941,0
3168,1813,0
445354,145226,0
3964,1129,0
4197,8654,0
92153,1892,0
4917,3269,0
3406,125,0
5329102,9934,0
3784,783,0
24821094,2066,0
4205,3269,0
119031,4324,0
969516,2950,0
4189,4843,0
2995,6530,0
2351,801,0
115355,3242,0
5329102,818,0
68165256,3480,0
3520,27133,0
119031,10893,0
57379345,10188,0
5205,152,0
39912,998,0
667477,3350,0
11671467,23604,0
11167602,4214,0
126565,140901,0
5205,3362,0
9823820,8767,0
16722836,676,0
57379345,2264,0
2247,3756,0
3488,3767,0
49803313,7284,0
156422,5159,0
1051,189,0
47811,3357,0
5950,9054,0
10177,1543,0
3372,3358,0
154059,3757,0
24771867,2771,0
5291,1956,0
126565,7016,0
5533,3269,0
3062316,94,0
4011,1128,0
6322,4846,0
10917,6583,0
3559,10280,0
6445562,6714,0
44259,5610,0
135398510,2261,0
644241,5159,0
3488,1374,0
44259,4921,0
3520,6035,0
3062316,9261,0
9829523,23387,0
168871,3351,0
5073,3356,0
3572,5538,0
126565,5608,0
5329102,11213,0
8226,3357,0
44259,4638,0
4917,151,0
46937142,58485,0
4740,5141,0
5885,51181,0
5289085,10975,0
126565,7075,0
1727,3750,0
44259,5567,0
44259,6787,0
750,570,0
44259,10733,0
5280934,6546,0
642324,404203,0
2733526,2099,0
2726,1813,0
5205,170572,0
3333,779,0
5205,3351,0
5362422,4325,0
42642645,5159,0
126565,780,0
2160,3363,0
5862,51380,0
47936,8856,0
439153,2746,0
9915743,4751,0
4497,784,0
3016416,7381,0
11671467,6195,0
5329102,1613,0
2378,1595,0
25113172,7535,0
3821,6530,0
896,4543,0
3034285,7381,0
3025986,11213,0
9829523,30811,0
194777,4313,0
5566,801,0
10836,150,0
4497,776,0
44205240,1455,0
126565,9578,0
66414,1588,0
6,4255,0
5287736,156,0
447872,1432,0
4764,9970,0
16722836,1760,0
643975,2671,0
121892,3785,0
5287969,904,0
3062316,3055,0
4708,660,0
2803,150,0
4543,3350,0
44093,59272,0
4919,1132,0
123631,1956,0
11671467,4140,0
9829523,5583,0
24821094,11035,0
46936905,58190,0
11656518,7075,0
126565,1147,0
160024,57016,0
3827,3356,0
11601669,1269,0
8629,9934,0
77022,125,0
681,6571,0
5330286,1025,0
2160,3362,0
132519,8038,0
11712649,2872,0
5280346,7381,0
3034034,2815,0
135398745,1815,0
5753,3290,0
667490,3615,0
5280934,6256,0
44259,9833,0
126565,10188,0
5531,5136,0
439153,131,0
4946,155,0
8515,3718,0
446504,4323,0
5362422,4317,0
446504,4317,0
1254,8989,0
5281004,2908,0
5584,148,0
7028,468,0
11671467,22983,0
5328940,25,0
208898,3784,0
449241,5569,0
3337,6532,0
87642,1431,0
44205240,5586,0
445154,6513,0
5326976,1460,0
126565,25,0
44259,6794,0
3007,155,0
5280343,2100,0
444795,5950,0
9543420,4312,0
47811,1815,0
656949,5603,0
208898,783,0
5280343,6462,0
441300,3106,0
44259,6793,0
44259,6300,0
5311128,3973,0
6918173,624,0
16362,1812,0
5280953,1859,0
5280953,9149,0
57363,6715,0
10458325,2041,0
446504,4313,0
3081361,2268,0
60149,3269,0
4893,147,0
25126798,3716,0
11626560,238,0
213032,7381,0
439153,1962,0
6133,5031,0
44259,3718,0
44,10873,0
3696,1812,0
4893,152,0
135398510,9263,0
5287969,5834,0
656668,782,0
5573,1129,0
49803313,5605,0
11712649,6714,0
1051,883,0
2160,150,0
44462760,25865,0
448991,4915,0
126565,415116,0
4748,148,0
44259,3735,0
6013,4306,0
9681,3352,0
44259,6011,0
5287969,23097,0
5287969,9149,0
11167602,8767,0
2435,152,0
25181577,121278,0
444795,29991,0
9829523,1457,0
444894,2778,0
444795,6095,0
9934347,5602,0
126565,4296,0
3062316,5894,0
168871,147,0
9818306,10499,0
4212,55244,0
10917,788,0
3520,3754,0
5885,1666,0
11154555,3269,0
135398510,1436,0
135398737,1812,0
5885,4522,0
10343454,10803,0
4507,8912,0
47811,3358,0
636398,301,0
176870,6795,0
47811,3757,0
16722836,3717,0
126565,22858,0
11671467,27347,0
1549098,7001,0
6133,5029,0
1051,63826,0
6914613,207,0
681,153,0
449171,6256,0
44259,9262,0
5862,79587,0
5329102,8788,0
4649,30814,0
13791,2099,0
60835,4886,0
36811,146,0
11671467,2044,0
135398640,122622,0
6918852,1019,0
216239,1436,0
5329102,6733,0
44259,5595,0
44259,29941,0
65808,4363,0
656953,2099,0
68165256,1956,0
24821094,3055,0
6604889,3363,0
135423438,3717,0
4091,4722,0
2995,150,0
1727,3751,0
11671467,9448,0
44259,814,0
5329102,85366,0
644019,3350,0
11314340,1859,0
23629645,728635,0
5329102,2242,0
5736,6532,0
3151,1813,0
216239,5894,0
5289547,5469,0
11511120,1956,0
4184,3363,0
439153,4200,0
5566,1814,0
2733526,5599,0
4748,3358,0
4091,54539,0
216239,2322,0
135423438,6789,0
3062316,1436,0
11671467,10114,0
216239,1022,0
445455,5916,0
135565050,3674,0
2801,148,0
448991,5595,0
66898,2020,0
11955614,5140,0
5329102,3645,0
126565,9833,0
4184,3350,0
439444,3633,0
5736,3269,0
10109823,5292,0
135398510,81788,0
16078,2841,0
24139,8702,0
71226662,7294,0
43815,3351,0
5005498,2932,0
456201,1594,0
441407,2908,0
135398737,152,0
681,6647,0
2812,3783,0
3696,148,0
60149,3363,0
54676038,1559,0
448991,6733,0
39042,6258,0
5311101,4306,0
44259,11183,0
5467,151,0
439153,124,0
750,189,0
3036780,3356,0
2477,1813,0
4197,5140,0
1051,2875,0
2585,151,0
54675783,5602,0
4184,147,0
4771,4852,0
447027,6392,0
44259,81629,0
11608401,5569,0
146570,1813,0
176870,3718,0
5287969,7297,0
11671467,5598,0
44259,660,0
8153,5781,0
126565,2324,0
9829523,23097,0
26248,1576,0
9829523,2268,0
11840906,5569,0
6446,2908,0
5280961,8856,0
27400,3350,0
11175137,2932,0
24871491,3643,0
9571004,3757,0
5073,1814,0
60854,3356,0
439153,23530,0
5467,285242,0
176167,65061,0
5073,3362,0
2092,147,0
68617,10280,0
25102847,780,0
46937118,5650,0
126565,255239,0
146570,151,0
43815,3269,0
31101,148,0
216239,25,0
31101,3356,0
5329102,57118,0
44259,25989,0
5870,3292,0
16362,3269,0
3157,148,0
2170,1128,0
148189,8880,0
2482,781,0
9926791,5585,0
3343,154,0
2160,59340,0
135398619,1915,0
5282411,5739,0
87642,1622,0
5287736,5583,0
126565,10298,0
9799888,56603,0
44259,10110,0
657309,1131,0
5205,150,0
156422,9578,0
49803313,225689,0
4184,151,0
3033,5743,0
6262,2628,0
2160,3269,0
11154555,3350,0
9829523,7535,0
507806,338557,0
4236,147,0
1727,81033,0
10071196,3357,0
49803313,238,0
11671467,3717,0
444795,5300,0
5991,6817,0
440210,158067,0
126565,5979,0
5329102,1456,0
43815,1816,0
11671467,8780,0
681,6530,0
71360,1815,0
156422,1956,0
2159,1813,0
2165,1573,0
10197702,2932,0
135400189,10846,0
644019,1576,0
171548,31,0
71731823,10188,0
5326976,1859,0
31275,7043,0
148201,9429,0
10113978,10733,0
444746,5837,0
5962,6541,0
206044,5468,0
11671467,3654,0
2719,3146,0
3520,217,0
44148067,7442,0
681,1814,0
5287969,1859,0
9829523,9891,0
5287850,4317,0
8969,150,0
9823820,4921,0
4543,148,0
107715,1816,0
2726,6609,0
6918852,225689,0
126565,2042,0
3707,9262,0
47936,114,0
11954369,2908,0
47936,111,0
17754068,116,0
44259,5580,0
135678094,6821,0
9578243,27115,0
11671467,56924,0
24821094,4067,0
643975,5447,0
5280363,5731,0
667490,3251,0
176167,5580,0
6047,1816,0
2585,7422,0
5328940,2444,0
21804428,4057,0
11671467,2045,0
11640390,5600,0
44259,65061,0
22049997,92335,0
3339,2168,0
13520,3612,0
123631,2580,0
126565,4145,0
448002,4321,0
135565884,3932,0
456468,5053,0
11338033,728642,0
4507,783,0
5329102,238,0
9930049,3741,0
3081361,7301,0
4211,2099,0
896,801,0
2396,5292,0
4091,4726,0
5885,645,0
3446,774,0
156422,2185,0
19001,815,0
33113,1457,0
54675783,5595,0
126565,1760,0
11671467,8550,0
11671467,3718,0
5311181,5143,0
439153,126,0
681,1815,0
126565,440275,0
5329102,6789,0
5957,238,0
44259,1024,0
6134,2720,0
5339,1147,0
5991,6462,0
135449332,4352,0
42642645,5156,0
3520,23416,0
135398510,8986,0
5591,5468,0
11671467,23332,0
44259,5566,0
65304,5024,0
93147,1268,0
44259,9201,0
644019,1555,0
4091,4702,0
5280343,1460,0
22024915,6793,0
11675645,3832,0
5862,2729,0
71731823,2241,0
5328940,51086,0
28417,114814,0
338,5742,0
5419,151,0
3108,5150,0
4174,1588,0
11338033,8621,0
445154,9970,0
11966124,9397,0
60663,1576,0
941361,8912,0
44259,2932,0
44462760,79858,0
5755,151306,0
68921,3283,0
4747,367,0
11671467,22848,0
9829523,57396,0
644213,6097,0
11626560,8491,0
6446,2099,0
5743,190,0
2995,148,0
3108,9154,0
3081361,2321,0
135449332,3757,0
1051,339896,0
126565,25989,0
44148067,38,0
126565,2321,0
176167,5583,0
115237,3757,0
43815,150,0
216239,5594,0
5284513,5914,0
1017,5467,0
126565,388228,0
3371,57016,0
643976,4842,0
5362422,11096,0
60663,779,0
11656518,5159,0
6852147,4313,0
667477,3757,0
10109823,5601,0
3108,5152,0
3696,147,0
5997,6097,0
6914613,5580,0
60164,6258,0
9926791,7297,0
216239,5595,0
32798,1577,0
107758,207,0
5280343,6714,0
9305,5566,0
71360,1813,0
4184,3355,0
135398654,7054,0
11671467,10298,0
2581,727,0
449193,5143,0
60663,778,0
6099,2977,0
6918485,3757,0
4478249,9588,0
1727,3749,0
49806720,2041,0
135398510,4067,0
5329102,3791,0
3081361,11183,0
5074,1815,0
24894153,4846,0
9913,3419,0
9966051,6530,0
5833,27092,0
5494425,5170,0
5280793,785,0
5870,367,0
4011,3358,0
44148067,1268,0
77999,6257,0
44259,340156,0
2995,6532,0
11167602,2322,0
126565,29110,0
446284,5465,0
11661758,7422,0
24768528,6868,0
133021,240,0
2519,136,0
4781,5742,0
187,1132,0
3117,216,0
44259,5606,0
24762195,2932,0
3559,3357,0
2895,6530,0
5095,1814,0
46220502,11113,0
86705695,2261,0
4044,93100,0
3062316,1956,0
5757,2099,0
3025986,9149,0
129073603,2322,0
208898,6546,0
5329102,1459,0
1727,23416,0
3108,5148,0
3826,5742,0
4830,3351,0
5329102,9891,0
5329102,3717,0
44205240,9475,0
156422,5602,0
44259,140469,0
71481097,7514,0
126565,8550,0
2267,147,0
3035817,57787,0
1254,785,0
44259,9344,0
11671467,8814,0
3168,1815,0
25126798,1196,0
2585,3350,0
107715,1813,0
5092,5143,0
146570,1128,0
11671467,5602,0
6083,5571,0
44259,9024,0
2146,7078,0
135398510,6714,0
5329102,11184,0
6450551,2268,0
9829523,3932,0
151194,5979,0
11671467,5747,0
1017,5241,0
27661,2983,0
5329102,3716,0
439153,1036,0
2157,776,0
5002,1129,0
439153,4707,0
65064,5223,0
11581936,10846,0
9829523,5567,0
16722836,3716,0
26175,3356,0
11167602,5894,0
3036780,1814,0
5957,157,0
447048,2597,0
3559,1814,0
9933197,4314,0
5312125,148,0
11671467,9149,0
9829523,4294,0
24826799,2049,0
126565,817,0
47811,3356,0
11167602,2263,0
637542,22949,0
6041,148,0
5736,3363,0
10113978,23043,0
194777,4314,0
2179,5004,0
1832,3354,0
5329102,9833,0
9934347,6790,0
9933197,4313,0
11671467,1457,0
222757,2852,0
3559,3269,0
6274,10991,0
2482,27091,0
439153,4725,0
448537,6462,0
135398619,5898,0
8629,360203,0
6445562,1196,0
6106,587,0
1547484,8912,0
656668,775,0
12412578,5566,0
11671467,27330,0
11640390,9113,0
4091,4709,0
3354,27115,0
447027,7384,0
400772,1277,0
119031,4321,0
44259,9252,0
3035817,5571,0
4057,1128,0
2157,5465,0
135398510,6732,0
169535,4891,0
16158208,2984,0
4748,801,0
213032,27089,0
24826799,4921,0
3108,2030,0
456362,928,0
750,23464,0
11671467,91,0
2726,1132,0
97297,5595,0
11175137,5569,0
4474,775,0
5327067,2580,0
16722836,25,0
449459,6462,0
5280346,29796,0
17754396,5170,0
5957,84532,0
8223,3354,0
129211,1813,0
11314340,50488,0
11656518,780,0
16362,3356,0
4740,8622,0
4850,1813,0
126565,2444,0
5289474,509,0
6215,301,0
3034034,1565,0
9829523,9748,0
24826799,2260,0
5329102,8536,0
6918852,1025,0
25126798,817,0
9829523,5588,0
60490,246,0
3964,1815,0
4740,5136,0
667467,1812,0
5280343,4835,0
2733526,6462,0
4474,783,0
3062316,9748,0
54477,1815,0
126565,9261,0
192197,2099,0
6031,2135,0
5329102,6195,0
4011,152,0
439153,224,0
2145,1588,0
11671467,780,0
5288145,823,0
1254,784,0
5289314,4316,0
5329102,2047,0
11954369,306,0
66599893,9475,0
6322,113451,0
97297,1455,0
1198,3417,0
8969,3357,0
25102847,6714,0
62867,1813,0
11167602,4921,0
5287969,2931,0
5573,8913,0
447682,1457,0
168871,3360,0
28693,3358,0
71351,151,0
11656518,9748,0
135423438,4296,0
15547703,4048,0
71731823,4915,0
446504,4312,0
4499,776,0
11671467,53904,0
1832,4543,0
5289085,7388,0
49803313,200909,0
11213558,57396,0
1176,81285,0
11671467,91807,0
2726,3350,0
9750,4843,0
3157,90134,0
126565,6416,0
156422,51701,0
5531,5158,0
135398510,5127,0
126565,2260,0
444294,79054,0
2482,3772,0
4495,5743,0
16842,56605,0
3081361,10733,0
2895,5979,0
656910,4846,0
447048,23410,0
4478249,3290,0
667550,3579,0
6852147,4322,0
439153,1579,0
135444742,10797,0
135398737,1814,0
28693,3354,0
24826799,5128,0
4507,779,0
5572,1132,0
156422,7010,0
9823820,2324,0
5573,8911,0
439153,4708,0
4474,5153,0
11494412,4976,0
55283,1595,0
644019,134,0
6140,5053,0
213032,10975,0
667639,498,0
11671467,4914,0
5287739,51426,0
5329102,7525,0
24139,55577,0
44259,3654,0
32798,2908,0
4078,3362,0
5291,5156,0
23644582,1432,0
9829523,9113,0
337359,231,0
33625,148,0
12560,3757,0
44259,6416,0
44259,139728,0
3559,3005,0
439153,3615,0
1051,85007,0
3964,6532,0
135565884,2444,0
40589,150,0
6083,51422,0
656954,2100,0
4543,146,0
3339,5468,0
1060,9121,0
1051,2571,0
6140,23428,0
448537,2101,0
3035817,91807,0
5287551,8648,0
5957,55902,0
91532,5024,0
392622,1576,0
5816,146,0
445715,51056,0
135398745,3358,0
47811,1812,0
3308,5743,0
6852147,4318,0
444104,2950,0
44259,9641,0
6076,5573,0
126565,23012,0
44473151,241,0
213046,3363,0
5329102,7786,0
165688,10499,0
22419,5742,0
154575,5142,0
4440,3350,0
15604015,56848,0
11626560,285220,0
44259,4217,0
171548,3141,0
54746,147,0
126565,816,0
46220502,1022,0
176870,2322,0
44259,10461,0
126565,5607,0
37720,2246,0
126565,4233,0
126565,22983,0
5362422,4323,0
44259,5586,0
110635,5149,0
795,10243,0
5479530,9356,0
71360,148,0
5479530,6564,0
9547935,7381,0
445154,873,0
60149,3351,0
16122632,5569,0
3062316,5588,0
39912,1080,0
3559,3352,0
5280934,7442,0
454937,107,0
439153,7358,0
3035817,5605,0
5287969,11113,0
3038522,2261,0
60149,1815,0
65015,7852,0
3025986,5218,0
44631912,2580,0
24826799,3757,0
753,4668,0
44259,4214,0
44259,8428,0
4091,56901,0
3784,8912,0
1060,9122,0
4485,801,0
2537,7442,0
3396,6532,0
11712649,10461,0
44259,2870,0
32798,1576,0
44259,6197,0
156414,285220,0
1005,2027,0
1051,113675,0
8223,150,0
43815,147,0
49803313,9448,0
8969,3764,0
5002,1133,0
25126798,5979,0
222528,151306,0
133021,9536,0
3062316,2048,0
123631,8767,0
5754,2908,0
6445562,4216,0
2765,148,0
4781,93100,0
5289419,1019,0
5035,3357,0
3062316,5159,0
5957,440,0
3964,3274,0
24826799,23043,0
3547,1195,0
5885,2232,0
6604889,1813,0
6450551,5979,0
439153,3420,0
5353760,10062,0
216239,51086,0
4189,27094,0
11656518,5894,0
160355,5594,0
168120,5142,0
50922675,51776,0
5330286,595,0
11671467,120892,0
135398510,2534,0
71360,3352,0
3559,6571,0
55245,5241,0
446284,7442,0
5885,22949,0
6322,4843,0
44259,50507,0
4848,1132,0
19001,3156,0
444104,2948,0
3308,6256,0
2482,783,0
25102847,4233,0
4091,4719,0
8969,151,0
5312125,146,0
6102708,4322,0
5531,5150,0
6262,10166,0
44148067,5743,0
1727,26251,0
222757,8678,0
5312137,801,0
25074887,3973,0
11671467,8654,0
1236,147,0
5566,50632,0
10039403,4318,0
4470566,7132,0
1051,2805,0
4919,1131,0
4091,4704,0
3964,1814,0
213032,7388,0
5281071,11255,0
2160,3785,0
4636,150,0
3081361,2064,0
1983,7442,0
11671467,4293,0
135423438,23235,0
115237,3363,0
216239,4921,0
6445562,4751,0
65981,3767,0
44259,55872,0
65064,6772,0
5531,5159,0
5494411,6303,0
2396,5582,0
4091,4701,0
11167118,3791,0
4091,4537,0
11430856,3350,0
145729,1854,0
5284553,4882,0
5329102,5261,0
5329102,2324,0
5324346,6532,0
2170,148,0
87642,39,0
24889392,2322,0
126565,100130827,0
11671467,85443,0
5291,3815,0
71496458,7006,0
9915743,3791,0
208898,57657,0
5095,151,0
4189,3780,0
9681,3358,0
2519,472,0
149790,100,0
5880,51170,0
5329098,4352,0
176870,2066,0
9829523,1760,0
2771,6532,0
115237,3352,0
11434515,1133,0
11671467,10645,0
65258,2100,0
28417,2099,0
6918296,6716,0
28417,367,0
447962,1019,0
447966,7046,0
643975,4835,0
15897928,10499,0
5573,3782,0
52919,3356,0
11519070,1132,0
5035,10682,0
5819,7068,0
126565,5578,0
3696,3756,0
5073,3757,0
4830,147,0
6134,3958,0
49803313,170572,0
44259,2048,0
6005,1813,0
54746,153,0
135444742,10841,0
44259,7272,0
4011,1816,0
1254,779,0
5312137,6788,0
123631,9748,0
2801,1813,0
3333,776,0
11154555,7421,0
5287525,7068,0
2267,3357,0
712421,7544,0
1547484,1132,0
4595,3350,0
54746,146,0
3520,3757,0
9403,2099,0
3038522,1956,0
2161,29110,0
11656518,4067,0
284,98,0
4917,147,0
9915743,9263,0
5329102,57172,0
4478249,26013,0
5329102,6795,0
643975,1806,0
40589,151,0
5280343,4318,0
126565,5613,0
5329102,9212,0
667477,6530,0
65359,2948,0
5816,150,0
644019,2936,0
8515,5601,0
156422,1020,0
3696,1128,0
44259,100130827,0
2361,1545,0
1548953,2099,0
135398510,5563,0
4485,3752,0
4830,146,0
5311101,2908,0
44462760,10595,0
3520,3738,0
4543,3356,0
124886,51022,0
49803313,1459,0
10039403,4314,0
126565,204851,0
439260,5053,0
16362,801,0
97536,2948,0
5004,5893,0
2733526,2100,0
1727,9132,0
199,774,0
168871,154,0
447912,6097,0
130804,29796,0
24826799,1969,0
135423438,5243,0
126565,51265,0
643975,9131,0
9915743,11183,0
5287969,415116,0
135398698,23205,0
6914614,207,0
4091,4700,0
176167,5578,0
446504,4314,0
5284583,774,0
6102690,2099,0
5002,3351,0
3784,776,0
60795,153,0
1082,350,0
3455,6532,0
5459361,912,0
5997,6095,0
3108,5147,0
5328940,5605,0
439153,3162,0
667550,5742,0
66645351,873,0
9829523,8711,0
448949,9212,0
65359,2949,0
124886,4318,0
1530,2099,0
6041,152,0
42642645,25,0
60753,90134,0
24821094,3702,0
3372,3269,0
24826799,7010,0
3822,3352,0
439260,155,0
439153,4723,0
12374,2908,0
5287850,1359,0
92745,9970,0
2727,3767,0
24821094,5979,0
6102708,4312,0
135398510,5562,0
2396,5579,0
941651,1815,0
5291,55244,0
644019,1268,0
9549225,8648,0
9829523,6790,0
11314340,10645,0
1836,4317,0
3035817,2322,0
210332,3619,0
4636,152,0
87642,10524,0
2801,3357,0
5329098,5159,0
5736,6530,0
65302,10468,0
9818306,2099,0
4211,5241,0
1355,3357,0
5328940,238,0
9803963,5468,0
10976469,5566,0
3342298,6868,0
11671467,4750,0
49831257,7297,0
44259,5581,0
3035817,4233,0
49803313,11213,0
11656518,673,0
5401,3757,0
11154555,3358,0
2537,162514,0
4740,5138,0
107715,152,0
11992146,8550,0
2520,779,0
9829523,6789,0
44259,8711,0
2161,2246,0
3333,8912,0
54746,1813,0
25126798,27330,0
44259,9261,0
1549098,2936,0
4189,785,0
750,81285,0
4641,93100,0
2801,2950,0
33113,5602,0
5073,3351,0
5467,1814,0
6031,2992,0
160355,5127,0
667477,3274,0
35370,7015,0
5885,7923,0
67462786,1436,0
2520,3757,0
160355,1022,0
6076,610,0
5329103,2260,0
3035817,140609,0
46936835,2247,0
5326976,1457,0
2733526,2101,0
11213558,9475,0
5467,147,0
4768,154,0
51039094,2065,0
311,6037,0
439456,3706,0
1615,3356,0
54454,3683,0
3117,1621,0
43815,146,0
24826799,11184,0
115237,152,0
2733526,8856,0
11314340,5583,0
3081361,5979,0
87642,8850,0
448002,4322,0
5289474,506,0
9829523,84446,0
222757,2100,0
43815,1133,0
5287969,1024,0
643976,5447,0
222757,4508,0
3007,6571,0
16722836,8576,0
11167602,7010,0
23690449,358,0
6119,4852,0
9829523,6197,0
60854,151,0
5329102,5605,0
985,3906,0
5702546,7442,0
4044,1645,0
10909908,5868,0
44259,26576,0
9829523,29110,0
36811,154,0
49806720,51,0
49803313,818,0
44259,255239,0
171548,25,0
11671467,8899,0
5960,445,0
5573,3779,0
135398745,3355,0
53276,6472,0
3108,5143,0
9823820,1432,0
3081361,5753,0
5005498,2931,0
441298,9536,0
129211,3363,0
644241,27,0
6030,3669,0
5573,1128,0
6918852,1020,0
4911,9356,0
16741227,5743,0
60149,6863,0
644213,6256,0
126565,9263,0
3354,8622,0
31101,3350,0
227,1610,0
6083,53632,0
126565,4914,0
4893,3757,0
46220502,818,0
6918562,2247,0
54675783,5603,0
11314340,815,0
44205240,8408,0
446284,2182,0
5329102,9475,0
60795,59340,0
10133,8856,0
156422,1432,0
148201,5243,0
261000,2908,0
44205240,27102,0
4189,3779,0
135565884,640,0
8223,1812,0
1727,3745,0
5994,1586,0
2520,773,0
135398510,340156,0
59227,151,0
444795,27306,0
4440,3355,0
5287452,63036,0
115348,4544,0
3446,56479,0
48229,5742,0
68841,9344,0
3062316,27,0
1727,9312,0
5591,5465,0
44139752,1588,0
8629,2992,0
176870,2046,0
126565,1020,0
44259,5347,0
126565,2580,0
311,6035,0
19001,2954,0
2160,1129,0
16722836,1019,0
6445562,9088,0
57363,6716,0
2726,1128,0
65359,2944,0
3354,5143,0
135423438,9833,0
3705,146,0
5329102,23043,0
128564,4314,0
42642645,2241,0
1727,3787,0
11671467,5159,0
115237,150,0
3372,367,0
11544170,558,0
445463,7053,0
657098,2885,0
44259,2261,0
3547,5567,0
3062316,5979,0
60854,285242,0
9829523,27330,0
3372,146,0
2230,1132,0
44259,5608,0
439153,223,0
449459,2100,0
168871,152,0
65064,8550,0
5291,2580,0
5329102,27,0
657298,7173,0
6852206,5599,0
28693,3357,0
311,9146,0
3035817,5562,0
5467,3356,0
87642,80218,0
44462760,23683,0
2733526,5584,0
5401,7040,0
1060,18,0
2244,5596,0
16741228,5743,0
160355,1453,0
6267,440,0
49831257,3717,0
5531,5140,0
9845059,9971,0
3038522,4915,0
9829523,5979,0
60795,3350,0
126565,54101,0
16722836,815,0
44259,1459,0
3822,1813,0
5957,107,0
44259,5062,0
5327109,5569,0
119031,4314,0
1893,4846,0
5281614,1460,0
795,4048,0
44148067,5742,0
3036780,3351,0
107715,170572,0
643976,54363,0
4850,148,0
5280805,873,0
49806720,1455,0
3081361,6195,0
54746,3351,0
447700,3932,0
5885,23530,0
667467,285242,0
4168,3360,0
3035817,3791,0
68841,4087,0
456201,8529,0
11671467,5593,0
49806720,6732,0
643976,8986,0
25102847,3815,0
5962,6542,0
44259,5562,0
4201,5972,0
40589,1813,0
5073,1812,0
4091,4708,0
445154,3690,0
3025986,1021,0
44259,5588,0
44259,11200,0
5568,1812,0
3559,2847,0
4184,1813,0
5280934,3992,0
44148067,162514,0
447961,1022,0
439153,8854,0
46220502,22848,0
42642645,6714,0
5329102,23683,0
24889392,640,0
3081361,6793,0
5035,316,0
174174,1132,0
3033825,5139,0
77999,5465,0
11671467,83732,0
16666708,5604,0
2519,10846,0
4091,91942,0
5280343,3055,0
40589,1128,0
1051,212,0
71360,1812,0
9999276,5141,0
11524144,652,0
9829523,11183,0
3035817,1195,0
4189,1576,0
656629,1636,0
2157,779,0
176870,699,0
6267,10991,0
5329102,2321,0
44259,4293,0
216239,2050,0
4543,151,0
5467,3360,0
5287969,6195,0
23897,3356,0
24139,2683,0
3342298,4318,0
51039094,2064,0
9829523,9149,0
126565,5605,0
5531,5141,0
5090,5732,0
44259,10000,0
49803313,5578,0
2266,6716,0
5311505,2100,0
11671467,3055,0
656952,2100,0
5329102,558,0
24826799,2268,0
11626560,9212,0
135398570,5138,0
9403,8856,0
2733526,5578,0
44148067,8912,0
5329102,23604,0
1727,3788,0
71496458,695,0
59227,1812,0
2482,3758,0
667467,3350,0
3386,3358,0
24894153,4842,0
9829523,2322,0
4369550,8648,0
667467,3357,0
6322,6545,0
130804,7384,0
5327067,5159,0
7028,4772,0
2856,10461,0
5452,3757,0
3081361,2050,0
25102847,558,0
44259,3815,0
3025986,1018,0
4680,5142,0
5312137,5979,0
5362422,4314,0
11656518,3791,0
5950,57505,0
71731823,2242,0
107715,1814,0
5205,3356,0
6102812,5465,0
941651,3358,0
6623,2104,0
6445562,2580,0
9829523,1613,0
16722836,1612,0
7028,6532,0
60490,241,0
44148067,51393,0
9829523,81788,0
8378,7852,0
71587904,825,0
6005,3352,0
135398510,11183,0
11213558,120892,0
2726,316,0
439278,2027,0
5328940,120892,0
132302,6652,0
5736,3354,0
3035817,11213,0
681,3350,0
5833,784,0
4449,3757,0
5342,8856,0
216239,2046,0
444104,2938,0
4091,4723,0
439153,4728,0
8955,6820,0
50922675,3985,0
6031,9934,0
46220502,3654,0
4740,5146,0
5833,79644,0
124886,4257,0
5329102,57144,0
439153,4724,0
44259,8573,0
6215,302,0
49803313,51703,0
135398745,1816,0
9852519,9429,0
23690449,6566,0
5957,6833,0
5362422,4312,0
133021,5743,0
4205,146,0
5957,91,0
2157,784,0
4189,10242,0
156414,9748,0
135423438,6788,0
11213558,2260,0
11626560,5871,0
5287736,2868,0
8969,3767,0
439153,4711,0
5327109,5566,0
135398737,1815,0
11213558,2261,0
97536,2938,0
24180719,673,0
9829523,10645,0
1053,883,0
2351,773,0
65562,10914,0
42642645,4486,0
667467,3358,0
28864,151,0
25126798,120892,0
2719,2944,0
5761,3362,0
5329102,8986,0
5833,786,0
3035817,5586,0
187,1131,0
447027,27089,0
216239,5156,0
6883,2974,0
439260,150,0
10133,9971,0
449241,83903,0
2267,148,0
5486971,781,0
60795,1813,0
439153,4536,0
4636,148,0
156422,6793,0
65562,22953,0
104850,9290,0
644019,1551,0
24826799,2321,0
11511120,2580,0
11671467,2066,0
11671467,23387,0
10680,2101,0
903,4543,0
10458325,1969,0
667477,3362,0
2519,8622,0
3520,3743,0
12412578,120892,0
2771,3757,0
445154,8565,0
2519,8654,0
2244,4609,0
443879,1133,0
4830,3352,0
3025986,8851,0
57379345,6098,0
4474,776,0
9829523,57118,0
135398510,23043,0
11213558,25,0
135398510,2268,0
5573,27345,0
2244,836,0
9829523,5563,0
24889392,5159,0
44462760,150094,0
4740,5152,0
896,11255,0
24762195,5569,0
49806720,6733,0
5531,5142,0
156414,2043,0
11483970,5468,0
5280793,10369,0
44259,5159,0
24821094,3718,0
643975,1728,0
2783,154,0
9942725,9900,0
440121,801,0
10286462,2099,0
11167602,780,0
11395145,8648,0
135398745,1128,0
3559,3356,0
3862,6470,0
2244,225689,0
154059,1131,0
12412578,5569,0
2719,10280,0
5584,1132,0
5833,8856,0
9818479,1813,0
216239,285220,0
445354,9249,0
15602983,5566,0
1051,51091,0
50922675,4296,0
10457944,8648,0
24826799,27,0
4848,1129,0
5405,3269,0
5328969,2064,0
5073,3361,0
2157,7067,0
5287969,1018,0
5950,18,0
4499,781,0
222757,3294,0
4205,148,0
9547935,4519,0
444389,9955,0
11671467,2324,0
115237,1813,0
11626560,1956,0
46220502,2932,0
126565,7046,0
5289419,3791,0
3062316,3932,0
9942725,774,0
774,3269,0
3372,1812,0
5330812,1198,0
9823820,6793,0
60854,3361,0
71351,146,0
16362,3362,0
3033769,1813,0
44259,2081,0
3758,5138,0
3035817,10595,0
3062316,2051,0
44139752,1585,0
448537,8856,0
4189,783,0
5819,3685,0
3081361,3791,0
3081361,2261,0
5736,1816,0
4634,1132,0
11656518,440275,0
5816,153,0
656665,3350,0
9829523,5613,0
124886,27306,0
135438608,4835,0
92974,146,0
2157,3743,0
447912,7376,0
5287736,5582,0
49803313,3357,0
8515,10733,0
92745,6256,0
8969,3768,0
3825,5742,0
5280793,779,0
5862,2805,0
44259,2050,0
154059,1129,0
11338033,1020,0
2733526,5579,0
3406,124,0
126565,5347,0
176407,135,0
689043,4313,0
44462760,27102,0
9829523,10733,0
11213558,4233,0
5289162,5468,0
338,5743,0
3117,217,0
216239,7010,0
439153,4709,0
135398744,5146,0
5833,59283,0
42611257,1956,0
1836,4318,0
10458325,3791,0
11671467,2046,0
447961,9212,0
11712649,3932,0
24821094,25,0
2482,8913,0
114743,6530,0
2160,1131,0
8969,1813,0
23728517,10499,0
44148067,2876,0
135398510,8737,0
54746,154,0
126565,8569,0
65359,2953,0
5997,9970,0
11167602,5159,0
62867,1812,0
4184,146,0
59227,1815,0
447027,29796,0
4205,3358,0
5311505,283383,0
2726,1133,0
17975425,5652,0
65359,653689,0
449171,340665,0
444031,3757,0
60164,5914,0
445675,2135,0
9829523,5288,0
1051,4953,0
135398744,135,0
60795,1131,0
444972,2184,0
57379345,3932,0
40589,152,0
3081361,3932,0
3081361,2042,0
447027,6389,0
439153,4537,0
44259,28996,0
5311505,367,0
9934347,2064,0
440210,203,0
5509,5743,0
126565,5583,0
65064,196,0
9829523,1956,0
24826799,3717,0
5736,3356,0
4201,10060,0
1547484,778,0
1017,2099,0
60795,3005,0
44259,4593,0
4830,1812,0
11671467,91754,0
5479530,55867,0
6267,4677,0
9829523,2261,0
5960,122622,0
5564,9970,0
174174,1128,0
4740,5150,0
3117,11343,0
9681,3355,0
448042,9475,0
10113978,5156,0
3260017,1431,0
65808,5243,0
5078,3350,0
26175,6570,0
449459,2104,0
4917,148,0
130804,4519,0
4919,1133,0
4621,2520,0
68841,5566,0
5687,84630,0
42642645,3815,0
46220502,2931,0
9829523,2580,0
5584,1128,0
44148067,8913,0
11167602,3815,0
4078,1813,0
4078,1815,0
9863672,9475,0
4746,1374,0
54675783,5598,0
9933475,2324,0
5329102,5979,0
60795,3358,0
5656,6532,0
439153,3248,0
4528,6532,0
4494,776,0
2513,231,0
3100,1129,0
4595,3351,0
4011,151,0
159296,6822,0
8515,1196,0
123631,2872,0
9547935,10975,0
126565,81788,0
24768528,4322,0
439153,3163,0
9915743,203054,0
5329102,10494,0
4883,153,0
2995,3358,0
10472693,47,0
24776445,6469,0
47936,108,0
5291,5243,0
10458325,27,0
135398619,6009,0
9934347,2260,0
9829523,7272,0
132519,4326,0
57379345,3717,0
1701,2597,0
5280934,5468,0
6435415,1800,0
44148067,8911,0
5329102,6732,0
44259,1432,0
5358,3355,0
2783,153,0
3663,2950,0
3038522,11213,0
11671467,1859,0
65258,1178,0
54746,3358,0
456201,1588,0
23700,2582,0
5950,2875,0
11213558,5979,0
25126798,22848,0
44205240,8711,0
10127622,5604,0
1989,6833,0
46220502,1021,0
6917698,3757,0
10635,4306,0
24889392,4921,0
3696,3757,0
2351,5136,0
135398631,1742,0
9829523,11213,0
65064,7015,0
1051,4942,0
44259,22983,0
644019,1586,0
11671467,2041,0
5289085,4519,0
129073603,3716,0
11175137,208,0
2733526,5580,0
5833,8912,0
3108,58497,0
3007,153,0
439153,2936,0
9823820,2263,0
44259,5604,0
2396,5588,0
44259,5063,0
1051,587,0
44259,4117,0
126565,11184,0
4829,5468,0
448043,5566,0
44259,5979,0
1051,211,0
3035817,22848,0
5531,5152,0
667477,3358,0
23700,6675,0
44259,6790,0
44148067,1545,0
27400,146,0
11675645,11096,0
10113978,2246,0
446284,5743,0
9543521,9479,0
5328940,9088,0
5566,84650,0
3035817,9833,0
176870,1956,0
3108,5158,0
11671467,255239,0
68873,5241,0
11167602,5156,0
181976,3155,0
3290,1128,0
10917,6584,0
2585,153,0
1051,10558,0
5280343,7317,0
216239,1024,0
12374,3265,0
11671467,2580,0
5280346,4519,0
3396,1813,0
4919,1129,0
4543,1128,0
2351,8911,0
44259,5601,0
5329102,7272,0
133021,30814,0
6445562,11113,0
3559,1815,0
168871,285242,0
5280343,133688,0
135398510,4915,0
126565,50488,0
135423438,3791,0
9926791,3717,0
11314340,8780,0
3826,837,0
11671467,6725,0
439153,4191,0
50922675,8767,0
969516,65975,0
9549225,5468,0
213032,29796,0
449171,6257,0
9933197,11096,0
11671467,225689,0
9547935,27089,0
60947,3690,0
119570,1814,0
60149,3356,0
9999276,5143,0
158385,7296,0
4485,8911,0
32281,7253,0
2477,146,0
5833,8911,0
93147,3350,0
5329102,6196,0
146570,3350,0
456201,1591,0
1176,383,0
5287736,5581,0
5736,1815,0
5736,6863,0
4184,152,0
28693,3351,0
128564,4312,0
2157,5468,0
5467,3358,0
3707,196,0
